Time [s],Time [h],Current [A],Voltage [V],Cycle,Step
0.0,0.0,0.0,3.795542404191267,0.0,0.0
60.0,0.016666666666666666,0.0,3.776458717596503,0.0,0.0
120.0,0.03333333333333333,0.0,3.775821885703933,0.0,0.0
180.0,0.05,0.0,3.7757969790034784,0.0,0.0
240.0,0.06666666666666667,0.0,3.7757969833985072,0.0,0.0
300.0,0.08333333333333333,0.0,3.7757926485063207,0.0,0.0
360.0,0.1,0.0,3.775792076814639,0.0,0.0
420.0,0.11666666666666667,0.0,3.7757923882969213,0.0,0.0
480.0,0.13333333333333333,0.0,3.775792353935409,0.0,0.0
540.0,0.15,0.0,3.7757922529392687,0.0,0.0
600.0,0.16666666666666666,0.0,3.7757922318756796,0.0,0.0
660.0,0.18333333333333332,0.0,3.7757922266974684,0.0,0.0
720.0,0.2,0.0,3.7757922246125224,0.0,0.0
780.0,0.21666666666666667,0.0,3.7757922228695717,0.0,0.0
840.0,0.23333333333333334,0.0,3.775792221132123,0.0,0.0
900.0,0.25,0.0,3.775792219573004,0.0,0.0
960.0,0.26666666666666666,0.0,3.7757922182058326,0.0,0.0
1020.0,0.2833333333333333,0.0,3.7757922170417957,0.0,0.0
1080.0,0.3,0.0,3.775792216052134,0.0,0.0
1140.0,0.31666666666666665,0.0,3.7757922152419954,0.0,0.0
1200.0,0.3333333333333333,0.0,3.7757922145188756,0.0,0.0
1260.0,0.35,0.0,3.775792213885722,0.0,0.0
1320.0,0.36666666666666664,0.0,3.775792213333231,0.0,0.0
1380.0,0.38333333333333336,0.0,3.775792212849197,0.0,0.0
1440.0,0.4,0.0,3.775792212428864,0.0,0.0
1500.0,0.4166666666666667,0.0,3.775792212068523,0.0,0.0
1560.0,0.43333333333333335,0.0,3.775792211751901,0.0,0.0
1620.0,0.45,0.0,3.7757922114872184,0.0,0.0
1680.0,0.4666666666666667,0.0,3.77579221127446,0.0,0.0
1740.0,0.48333333333333334,0.0,3.77579221108547,0.0,0.0
1800.0,0.5,0.0,3.775792210916906,0.0,0.0
1860.0,0.5166666666666667,0.0,3.7757922107696573,0.0,0.0
1920.0,0.5333333333333333,0.0,3.775792210638116,0.0,0.0
1980.0,0.55,0.0,3.77579221052175,0.0,0.0
2040.0,0.5666666666666667,0.0,3.775792210422504,0.0,0.0
2100.0,0.5833333333333334,0.0,3.7757922103400547,0.0,0.0
2160.0,0.6,0.0,3.7757922102697057,0.0,0.0
2220.0,0.6166666666666667,0.0,3.7757922102141834,0.0,0.0
2280.0,0.6333333333333333,0.0,3.7757922101653185,0.0,0.0
2340.0,0.65,0.0,3.775792210121013,0.0,0.0
2400.0,0.6666666666666666,0.0,3.7757922100814354,0.0,0.0
2460.0,0.6833333333333333,0.0,3.7757922100466352,0.0,0.0
2520.0,0.7,0.0,3.775792210016541,0.0,0.0
2580.0,0.7166666666666667,0.0,3.7757922099902217,0.0,0.0
2640.0,0.7333333333333333,0.0,3.7757922099672414,0.0,0.0
2700.0,0.75,0.0,3.775792209948015,0.0,0.0
2760.0,0.7666666666666667,0.0,3.7757922099329666,0.0,0.0
2820.0,0.7833333333333333,0.0,3.7757922099197683,0.0,0.0
2880.0,0.8,0.0,3.7757922099077774,0.0,0.0
2940.0,0.8166666666666667,0.0,3.775792209896997,0.0,0.0
3000.0,0.8333333333333334,0.0,3.7757922098874284,0.0,0.0
3060.0,0.85,0.0,3.77579220987907,0.0,0.0
3120.0,0.8666666666666667,0.0,3.7757922098719225,0.0,0.0
3180.0,0.8833333333333333,0.0,3.7757922098657195,0.0,0.0
3240.0,0.9,0.0,3.7757922098604246,0.0,0.0
3300.0,0.9166666666666666,0.0,3.775792209856834,0.0,0.0
3360.0,0.9333333333333333,0.0,3.775792209853767,0.0,0.0
3420.0,0.95,0.0,3.7757922098507,0.0,0.0
3480.0,0.9666666666666667,0.0,3.7757922098478,0.0,0.0
3540.0,0.9833333333333333,0.0,3.77579220984548,0.0,0.0
3600.0,1.0,0.0,3.77579220984316,0.0,0.0
3600.000000001,1.0000000000002778,0.07666666666666666,3.7715719627960738,0.0,1.0
3660.0,1.0166666666666666,0.07666666666666666,3.7335253562950905,0.0,1.0
3720.0,1.0333333333333334,0.07666666666666666,3.7092303935713993,0.0,1.0
3780.0,1.05,0.07666666666666666,3.686661949341539,0.0,1.0
3840.0,1.0666666666666667,0.07666666666666666,3.6654179882264515,0.0,1.0
3900.0,1.0833333333333333,0.07666666666666666,3.645384226705131,0.0,1.0
3960.0,1.1,0.07666666666666666,3.6264961174139128,0.0,1.0
4020.0,1.1166666666666667,0.07666666666666666,3.608680889526477,0.0,1.0
4080.0,1.1333333333333333,0.07666666666666666,3.59187632264024,0.0,1.0
4140.0,1.15,0.07666666666666666,3.576023760840778,0.0,1.0
4200.0,1.1666666666666667,0.07666666666666666,3.5610693591365687,0.0,1.0
4260.0,1.1833333333333333,0.07666666666666666,3.5469621541829452,0.0,1.0
4320.0,1.2,0.07666666666666666,3.533653689203024,0.0,1.0
4380.0,1.2166666666666666,0.07666666666666666,3.5210984615065746,0.0,1.0
4440.0,1.2333333333333334,0.07666666666666666,3.509253670150146,0.0,1.0
4500.0,1.25,0.07666666666666666,3.4980789999617827,0.0,1.0
4560.0,1.2666666666666666,0.07666666666666666,3.487536453606622,0.0,1.0
4620.0,1.2833333333333334,0.07666666666666666,3.4775902021805183,0.0,1.0
4680.0,1.3,0.07666666666666666,3.468206462216775,0.0,1.0
4740.0,1.3166666666666667,0.07666666666666666,3.459353373228038,0.0,1.0
4800.0,1.3333333333333333,0.07666666666666666,3.4510008828197836,0.0,1.0
4860.0,1.35,0.07666666666666666,3.443120657870192,0.0,1.0
4920.0,1.3666666666666667,0.07666666666666666,3.435685962313581,0.0,1.0
4980.0,1.3833333333333333,0.07666666666666666,3.428671577950217,0.0,1.0
5040.0,1.4,0.07666666666666666,3.422053716573925,0.0,1.0
5100.0,1.4166666666666667,0.07666666666666666,3.4158099379270292,0.0,1.0
5160.0,1.4333333333333333,0.07666666666666666,3.409919071984736,0.0,1.0
5220.0,1.45,0.07666666666666666,3.404361150639854,0.0,1.0
5280.0,1.4666666666666666,0.07666666666666666,3.3991173330381064,0.0,1.0
5340.0,1.4833333333333334,0.07666666666666666,3.3941698459466076,0.0,1.0
5400.0,1.5,0.07666666666666666,3.389501926284908,0.0,1.0
5460.0,1.5166666666666666,0.07666666666666666,3.385097756901351,0.0,1.0
5520.0,1.5333333333333334,0.07666666666666666,3.3809424152623464,0.0,1.0
5580.0,1.55,0.07666666666666666,3.3770218241041463,0.0,1.0
5640.0,1.5666666666666667,0.07666666666666666,3.3733227028152033,0.0,1.0
5700.0,1.5833333333333333,0.07666666666666666,3.3698325214028864,0.0,1.0
5760.0,1.6,0.07666666666666666,3.3665394593414626,0.0,1.0
5820.0,1.6166666666666667,0.07666666666666666,3.3634323650947473,0.0,1.0
5880.0,1.6333333333333333,0.07666666666666666,3.36050071807659,0.0,1.0
5940.0,1.65,0.07666666666666666,3.3577345938176624,0.0,1.0
6000.0,1.6666666666666667,0.07666666666666666,3.355124628692339,0.0,1.0
6060.0,1.6833333333333333,0.07666666666666666,3.352661988574565,0.0,1.0
6120.0,1.7,0.07666666666666666,3.350338339137109,0.0,1.0
6180.0,1.7166666666666666,0.07666666666666666,3.348145817574991,0.0,1.0
6240.0,1.7333333333333334,0.07666666666666666,3.346077005974412,0.0,1.0
6300.0,1.75,0.07666666666666666,3.3441249060840432,0.0,1.0
6360.0,1.7666666666666666,0.07666666666666666,3.3422829154096156,0.0,1.0
6420.0,1.7833333333333334,0.07666666666666666,3.340544804975657,0.0,1.0
6480.0,1.8,0.07666666666666666,3.3389046984777546,0.0,1.0
6540.0,1.8166666666666667,0.07666666666666666,3.337357051851987,0.0,1.0
6600.0,1.8333333333333333,0.07666666666666666,3.3358966345924745,0.0,1.0
6660.0,1.85,0.07666666666666666,3.3345185120760474,0.0,1.0
6720.0,1.8666666666666667,0.07666666666666666,3.333218028799482,0.0,1.0
6780.0,1.8833333333333333,0.07666666666666666,3.3319907926179306,0.0,1.0
6840.0,1.9,0.07666666666666666,3.3308326598361173,0.0,1.0
6900.0,1.9166666666666667,0.07666666666666666,3.3297397211542132,0.0,1.0
6960.0,1.9333333333333333,0.07666666666666666,3.3287082883435293,0.0,1.0
7020.0,1.95,0.07666666666666666,3.3277348819957377,0.0,1.0
7080.0,1.9666666666666666,0.07666666666666666,3.326816219446379,0.0,1.0
7140.0,1.9833333333333334,0.07666666666666666,3.3259492036292833,0.0,1.0
7200.0,2.0,0.07666666666666666,3.3251309126161224,0.0,1.0
7260.0,2.0166666666666666,0.07666666666666666,3.324358589942273,0.0,1.0
7320.0,2.033333333333333,0.07666666666666666,3.3236296349562595,0.0,1.0
7380.0,2.05,0.07666666666666666,3.3229415941109606,0.0,1.0
7440.0,2.066666666666667,0.07666666666666666,3.3222921526422873,0.0,1.0
7500.0,2.0833333333333335,0.07666666666666666,3.3216791266714982,0.0,1.0
7560.0,2.1,0.07666666666666666,3.3211004559205164,0.0,1.0
7620.0,2.1166666666666667,0.07666666666666666,3.3205541966424317,0.0,1.0
7680.0,2.1333333333333333,0.07666666666666666,3.3200385150053737,0.0,1.0
7740.0,2.15,0.07666666666666666,3.3195516808885532,0.0,1.0
7800.0,2.1666666666666665,0.07666666666666666,3.319092062097142,0.0,1.0
7860.0,2.183333333333333,0.07666666666666666,3.3186581187215802,0.0,1.0
7920.0,2.2,0.07666666666666666,3.318248397954143,0.0,1.0
7980.0,2.216666666666667,0.07666666666666666,3.3178615291619744,0.0,1.0
8040.0,2.2333333333333334,0.07666666666666666,3.3174962192223996,0.0,1.0
8100.0,2.25,0.07666666666666666,3.317151248180089,0.0,1.0
8160.0,2.2666666666666666,0.07666666666666666,3.31682546508117,0.0,1.0
8220.0,2.283333333333333,0.07666666666666666,3.316517784061653,0.0,1.0
8280.0,2.3,0.07666666666666666,3.3162271806703227,0.0,1.0
8340.0,2.316666666666667,0.07666666666666666,3.3159526884233084,0.0,1.0
8400.0,2.3333333333333335,0.07666666666666666,3.3156933954897823,0.0,1.0
8460.0,2.35,0.07666666666666666,3.315448441613314,0.0,1.0
8520.0,2.3666666666666667,0.07666666666666666,3.3152170151945635,0.0,1.0
8580.0,2.3833333333333333,0.07666666666666666,3.3149983505332514,0.0,1.0
8640.0,2.4,0.07666666666666666,3.314791725246355,0.0,1.0
8700.0,2.4166666666666665,0.07666666666666666,3.314596457808384,0.0,1.0
8760.0,2.433333333333333,0.07666666666666666,3.3144119052372956,0.0,1.0
8820.0,2.45,0.07666666666666666,3.314237460915917,0.0,1.0
8880.0,2.466666666666667,0.07666666666666666,3.314072552544816,0.0,1.0
8940.0,2.4833333333333334,0.07666666666666666,3.3139166401887796,0.0,1.0
9000.0,2.5,0.07666666666666666,3.3137692144505517,0.0,1.0
9060.0,2.5166666666666666,0.07666666666666666,3.3136297947434232,0.0,1.0
9120.0,2.533333333333333,0.07666666666666666,3.3134979276595273,0.0,1.0
9180.0,2.55,0.07666666666666666,3.3133731854374555,0.0,1.0
9240.0,2.566666666666667,0.07666666666666666,3.3132551645082207,0.0,1.0
9300.0,2.5833333333333335,0.07666666666666666,3.313143484125725,0.0,1.0
9360.0,2.6,0.07666666666666666,3.3130377850762938,0.0,1.0
9420.0,2.6166666666666667,0.07666666666666666,3.31293772846406,0.0,1.0
9480.0,2.6333333333333333,0.07666666666666666,3.3128429945573292,0.0,1.0
9540.0,2.65,0.07666666666666666,3.312753281706033,0.0,1.0
9600.0,2.6666666666666665,0.07666666666666666,3.312668305318855,0.0,1.0
9660.0,2.683333333333333,0.07666666666666666,3.312587796897521,0.0,1.0
9720.0,2.7,0.07666666666666666,3.3125115031281482,0.0,1.0
9780.0,2.716666666666667,0.07666666666666666,3.312439185021095,0.0,1.0
9840.0,2.7333333333333334,0.07666666666666666,3.312370617100245,0.0,1.0
9900.0,2.75,0.07666666666666666,3.3123055866387023,0.0,1.0
9960.0,2.7666666666666666,0.07666666666666666,3.312243892938703,0.0,1.0
10020.0,2.783333333333333,0.07666666666666666,3.3121853466495748,0.0,1.0
10080.0,2.8,0.07666666666666666,3.312129769126301,0.0,1.0
10140.0,2.816666666666667,0.07666666666666666,3.3120769918238158,0.0,1.0
10200.0,2.8333333333333335,0.07666666666666666,3.3120268557253203,0.0,1.0
10260.0,2.85,0.07666666666666666,3.31197921080377,0.0,1.0
10320.0,2.8666666666666667,0.07666666666666666,3.3119339155128262,0.0,1.0
10380.0,2.8833333333333333,0.07666666666666666,3.3118908363068504,0.0,1.0
10440.0,2.9,0.07666666666666666,3.3118498471882574,0.0,1.0
10500.0,2.9166666666666665,0.07666666666666666,3.3118108292807924,0.0,1.0
10560.0,2.933333333333333,0.07666666666666666,3.3117736704260206,0.0,1.0
10620.0,2.95,0.07666666666666666,3.3117382648033384,0.0,1.0
10680.0,2.966666666666667,0.07666666666666666,3.311704512571276,0.0,1.0
10740.0,2.9833333333333334,0.07666666666666666,3.311672319529012,0.0,1.0
10800.0,3.0,0.07666666666666666,3.3116415967973096,0.0,1.0
10860.0,3.0166666666666666,0.07666666666666666,3.311612260517155,0.0,1.0
10920.0,3.033333333333333,0.07666666666666666,3.3115842315655244,0.0,1.0
10980.0,3.05,0.07666666666666666,3.3115574352872916,0.0,1.0
11040.0,3.066666666666667,0.07666666666666666,3.3115318012424133,0.0,1.0
11100.0,3.0833333333333335,0.07666666666666666,3.3115072629670776,0.0,1.0
11160.0,3.1,0.07666666666666666,3.311483757748615,0.0,1.0
11220.0,3.1166666666666667,0.07666666666666666,3.3114612264130496,0.0,1.0
11280.0,3.1333333333333333,0.07666666666666666,3.3114396131246475,0.0,1.0
11340.0,3.15,0.07666666666666666,3.3114188651968894,0.0,1.0
11400.0,3.1666666666666665,0.07666666666666666,3.3113989329140048,0.0,1.0
11460.0,3.183333333333333,0.07666666666666666,3.3113797693626372,0.0,1.0
11520.0,3.2,0.07666666666666666,3.31136133027303,0.0,1.0
11580.0,3.216666666666667,0.07666666666666666,3.3113435738692423,0.0,1.0
11640.0,3.2333333333333334,0.07666666666666666,3.3113264607277086,0.0,1.0
11700.0,3.25,0.07666666666666666,3.3113099536438777,0.0,1.0
11760.0,3.2666666666666666,0.07666666666666666,3.311294017506365,0.0,1.0
11820.0,3.283333333333333,0.07666666666666666,3.3112786191781987,0.0,1.0
11880.0,3.3,0.07666666666666666,3.311263727384818,0.0,1.0
11940.0,3.316666666666667,0.07666666666666666,3.3112493126083424,0.0,1.0
12000.0,3.3333333333333335,0.07666666666666666,3.311235346987835,0.0,1.0
12060.0,3.35,0.07666666666666666,3.311221804225201,0.0,1.0
12120.0,3.3666666666666667,0.07666666666666666,3.3112086594964074,0.0,1.0
12180.0,3.3833333333333333,0.07666666666666666,3.311195889367685,0.0,1.0
12240.0,3.4,0.07666666666666666,3.3111834717164803,0.0,1.0
12300.0,3.4166666666666665,0.07666666666666666,3.311171385656864,0.0,1.0
12360.0,3.433333333333333,0.07666666666666666,3.3111596114691446,0.0,1.0
12420.0,3.45,0.07666666666666666,3.311148130533456,0.0,1.0
12480.0,3.466666666666667,0.07666666666666666,3.3111369252670872,0.0,1.0
12540.0,3.4833333333333334,0.07666666666666666,3.3111259790653387,0.0,1.0
12600.0,3.5,0.07666666666666666,3.3111152762457166,0.0,1.0
12660.0,3.5166666666666666,0.07666666666666666,3.311104801995281,0.0,1.0
12720.0,3.533333333333333,0.07666666666666666,3.3110945423209346,0.0,1.0
12780.0,3.55,0.07666666666666666,3.3110844840025297,0.0,1.0
12840.0,3.566666666666667,0.07666666666666666,3.311074614548605,0.0,1.0
12900.0,3.5833333333333335,0.07666666666666666,3.311064922154616,0.0,1.0
12960.0,3.6,0.07666666666666666,3.31105539566351,0.0,1.0
13020.0,3.6166666666666667,0.07666666666666666,3.3110460245285154,0.0,1.0
13080.0,3.6333333333333333,0.07666666666666666,3.311036798778022,0.0,1.0
13140.0,3.65,0.07666666666666666,3.311027708982432,0.0,1.0
13200.0,3.6666666666666665,0.07666666666666666,3.311018746222865,0.0,1.0
13260.0,3.683333333333333,0.07666666666666666,3.3110099020616257,0.0,1.0
13320.0,3.7,0.07666666666666666,3.3110011685143137,0.0,1.0
13380.0,3.716666666666667,0.07666666666666666,3.3109925380235,0.0,1.0
13440.0,3.7333333333333334,0.07666666666666666,3.3109840034338736,0.0,1.0
13500.0,3.75,0.07666666666666666,3.3109755579687707,0.0,1.0
13560.0,3.7666666666666666,0.07666666666666666,3.310967195208017,0.0,1.0
13620.0,3.783333333333333,0.07666666666666666,3.3109589090670033,0.0,1.0
13680.0,3.8,0.07666666666666666,3.310950693776921,0.0,1.0
13740.0,3.816666666666667,0.07666666666666666,3.3109425438660938,0.0,1.0
13800.0,3.8333333333333335,0.07666666666666666,3.3109344541423553,0.0,1.0
13860.0,3.85,0.07666666666666666,3.3109264196763823,0.0,1.0
13920.0,3.8666666666666667,0.07666666666666666,3.3109184357859656,0.0,1.0
13980.0,3.8833333333333333,0.07666666666666666,3.3109104980211383,0.0,1.0
14040.0,3.9,0.07666666666666666,3.3109026021501244,0.0,1.0
14100.0,3.9166666666666665,0.07666666666666666,3.310894744146058,0.0,1.0
14160.0,3.933333333333333,0.07666666666666666,3.3108869201744233,0.0,1.0
14220.0,3.95,0.07666666666666666,3.3108791265811885,0.0,1.0
14280.0,3.966666666666667,0.07666666666666666,3.3108713598815798,0.0,1.0
14340.0,3.9833333333333334,0.07666666666666666,3.3108636167494607,0.0,1.0
14400.0,4.0,0.07666666666666666,3.3108558940072883,0.0,1.0
14460.0,4.016666666666667,0.07666666666666666,3.3108481886166077,0.0,1.0
14520.0,4.033333333333333,0.07666666666666666,3.3108404976690577,0.0,1.0
14580.0,4.05,0.07666666666666666,3.3108328183778446,0.0,1.0
14640.0,4.066666666666666,0.07666666666666666,3.310825148069685,0.0,1.0
14700.0,4.083333333333333,0.07666666666666666,3.3108174841771554,0.0,1.0
14760.0,4.1,0.07666666666666666,3.3108098242314554,0.0,1.0
14820.0,4.116666666666666,0.07666666666666666,3.3108021658555367,0.0,1.0
14880.0,4.133333333333334,0.07666666666666666,3.3107945067575937,0.0,1.0
14940.0,4.15,0.07666666666666666,3.3107868447248823,0.0,1.0
15000.0,4.166666666666667,0.07666666666666666,3.310779177617859,0.0,1.0
15060.0,4.183333333333334,0.07666666666666666,3.310771503364601,0.0,1.0
15120.0,4.2,0.07666666666666666,3.3107638199555267,0.0,1.0
15180.0,4.216666666666667,0.07666666666666666,3.310756125438349,0.0,1.0
15240.0,4.233333333333333,0.07666666666666666,3.310748417913296,0.0,1.0
15300.0,4.25,0.07666666666666666,3.3107406955285494,0.0,1.0
15360.0,4.266666666666667,0.07666666666666666,3.3107329564758996,0.0,1.0
15420.0,4.283333333333333,0.07666666666666666,3.3107251989866118,0.0,1.0
15480.0,4.3,0.07666666666666666,3.310717421327472,0.0,1.0
15540.0,4.316666666666666,0.07666666666666666,3.310709621797014,0.0,1.0
15600.0,4.333333333333333,0.07666666666666666,3.310701798721917,0.0,1.0
15660.0,4.35,0.07666666666666666,3.310693950453555,0.0,1.0
15720.0,4.366666666666666,0.07666666666666666,3.3106860753646936,0.0,1.0
15780.0,4.383333333333334,0.07666666666666666,3.3106781718463254,0.0,1.0
15840.0,4.4,0.07666666666666666,3.310670238304628,0.0,1.0
15900.0,4.416666666666667,0.07666666666666666,3.3106622731580457,0.0,1.0
15960.0,4.433333333333334,0.07666666666666666,3.3106542748344823,0.0,1.0
16020.0,4.45,0.07666666666666666,3.3106462417685925,0.0,1.0
16080.0,4.466666666666667,0.07666666666666666,3.3106381723991714,0.0,1.0
16140.0,4.483333333333333,0.07666666666666666,3.310630065166641,0.0,1.0
16200.0,4.5,0.07666666666666666,3.310621918510602,0.0,1.0
16260.0,4.516666666666667,0.07666666666666666,3.310613730867478,0.0,1.0
16320.0,4.533333333333333,0.07666666666666666,3.310605500668224,0.0,1.0
16380.0,4.55,0.07666666666666666,3.3105972263360974,0.0,1.0
16440.0,4.566666666666666,0.07666666666666666,3.310588906284495,0.0,1.0
16500.0,4.583333333333333,0.07666666666666666,3.3105805389148375,0.0,1.0
16560.0,4.6,0.07666666666666666,3.310572122614507,0.0,1.0
16620.0,4.616666666666666,0.07666666666666666,3.310563655754832,0.0,1.0
16680.0,4.633333333333334,0.07666666666666666,3.310555136689107,0.0,1.0
16740.0,4.65,0.07666666666666666,3.3105465637506604,0.0,1.0
16800.0,4.666666666666667,0.07666666666666666,3.3105379352509345,0.0,1.0
16860.0,4.683333333333334,0.07666666666666666,3.31052924947762,0.0,1.0
16920.0,4.7,0.07666666666666666,3.310520504692795,0.0,1.0
16980.0,4.716666666666667,0.07666666666666666,3.3105116991310974,0.0,1.0
17040.0,4.733333333333333,0.07666666666666666,3.310502830997913,0.0,1.0
17100.0,4.75,0.07666666666666666,3.310493898467574,0.0,1.0
17160.0,4.766666666666667,0.07666666666666666,3.3104848996815788,0.0,1.0
17220.0,4.783333333333333,0.07666666666666666,3.3104758327468176,0.0,1.0
17280.0,4.8,0.07666666666666666,3.3104666957338003,0.0,1.0
17340.0,4.816666666666666,0.07666666666666666,3.310457486674896,0.0,1.0
17400.0,4.833333333333333,0.07666666666666666,3.310448203562567,0.0,1.0
17460.0,4.85,0.07666666666666666,3.3104388443476087,0.0,1.0
17520.0,4.866666666666666,0.07666666666666666,3.3104294069373807,0.0,1.0
17580.0,4.883333333333334,0.07666666666666666,3.310419889194035,0.0,1.0
17640.0,4.9,0.07666666666666666,3.3104102889327365,0.0,1.0
17700.0,4.916666666666667,0.07666666666666666,3.3104006039198692,0.0,1.0
17760.0,4.933333333333334,0.07666666666666666,3.3103908318712416,0.0,1.0
17820.0,4.95,0.07666666666666666,3.3103809704502596,0.0,1.0
17880.0,4.966666666666667,0.07666666666666666,3.3103710172661054,0.0,1.0
17940.0,4.983333333333333,0.07666666666666666,3.3103609698718808,0.0,1.0
18000.0,5.0,0.07666666666666666,3.310350825762739,0.0,1.0
18060.0,5.016666666666667,0.07666666666666666,3.3103405823739944,0.0,1.0
18120.0,5.033333333333333,0.07666666666666666,3.310330237079206,0.0,1.0
18180.0,5.05,0.07666666666666666,3.3103197871882397,0.0,1.0
18240.0,5.066666666666666,0.07666666666666666,3.310309229945304,0.0,1.0
18300.0,5.083333333333333,0.07666666666666666,3.310298562526952,0.0,1.0
18360.0,5.1,0.07666666666666666,3.3102877820400636,0.0,1.0
18420.0,5.116666666666666,0.07666666666666666,3.3102768855197837,0.0,1.0
18480.0,5.133333333333334,0.07666666666666666,3.3102658699274405,0.0,1.0
18540.0,5.15,0.07666666666666666,3.3102547321484215,0.0,1.0
18600.0,5.166666666666667,0.07666666666666666,3.310243468990015,0.0,1.0
18660.0,5.183333333333334,0.07666666666666666,3.310232077179218,0.0,1.0
18720.0,5.2,0.07666666666666666,3.3102205533605025,0.0,1.0
18780.0,5.216666666666667,0.07666666666666666,3.3102088940935412,0.0,1.0
18840.0,5.233333333333333,0.07666666666666666,3.3101970958508975,0.0,1.0
18900.0,5.25,0.07666666666666666,3.3101851550156667,0.0,1.0
18960.0,5.266666666666667,0.07666666666666666,3.310173067879078,0.0,1.0
19020.0,5.283333333333333,0.07666666666666666,3.3101608306380492,0.0,1.0
19080.0,5.3,0.07666666666666666,3.310148439392698,0.0,1.0
19140.0,5.316666666666666,0.07666666666666666,3.3101358901438,0.0,1.0
19200.0,5.333333333333333,0.07666666666666666,3.3101231787902092,0.0,1.0
19260.0,5.35,0.07666666666666666,3.310110301126217,0.0,1.0
19320.0,5.366666666666666,0.07666666666666666,3.310097252838869,0.0,1.0
19380.0,5.383333333333334,0.07666666666666666,3.310084029505225,0.0,1.0
19440.0,5.4,0.07666666666666666,3.3100706265895727,0.0,1.0
19500.0,5.416666666666667,0.07666666666666666,3.310057039440575,0.0,1.0
19560.0,5.433333333333334,0.07666666666666666,3.310043263288382,0.0,1.0
19620.0,5.45,0.07666666666666666,3.3100292932416657,0.0,1.0
19680.0,5.466666666666667,0.07666666666666666,3.3100151242846194,0.0,1.0
19740.0,5.483333333333333,0.07666666666666666,3.31000075127388,0.0,1.0
19800.0,5.5,0.07666666666666666,3.3099861689354046,0.0,1.0
19860.0,5.516666666666667,0.07666666666666666,3.3099713718612893,0.0,1.0
19920.0,5.533333333333333,0.07666666666666666,3.309956354506514,0.0,1.0
19980.0,5.55,0.07666666666666666,3.3099411111856485,0.0,1.0
20040.0,5.566666666666666,0.07666666666666666,3.3099256360694755,0.0,1.0
20100.0,5.583333333333333,0.07666666666666666,3.309909923181568,0.0,1.0
20160.0,5.6,0.07666666666666666,3.3098939663947977,0.0,1.0
20220.0,5.616666666666666,0.07666666666666666,3.309877759427781,0.0,1.0
20280.0,5.633333333333334,0.07666666666666666,3.309861295841265,0.0,1.0
20340.0,5.65,0.07666666666666666,3.3098445690344485,0.0,1.0
20400.0,5.666666666666667,0.07666666666666666,3.309827572241237,0.0,1.0
20460.0,5.683333333333334,0.07666666666666666,3.3098102985264424,0.0,1.0
20520.0,5.7,0.07666666666666666,3.3097927407819063,0.0,1.0
20580.0,5.716666666666667,0.07666666666666666,3.309774891722575,0.0,1.0
20640.0,5.733333333333333,0.07666666666666666,3.3097567438824966,0.0,1.0
20700.0,5.75,0.07666666666666666,3.3097382896107663,0.0,1.0
20760.0,5.766666666666667,0.07666666666666666,3.309719521067402,0.0,1.0
20820.0,5.783333333333333,0.07666666666666666,3.3097004302191593,0.0,1.0
20880.0,5.8,0.07666666666666666,3.309681008835291,0.0,1.0
20940.0,5.816666666666666,0.07666666666666666,3.309661248483233,0.0,1.0
21000.0,5.833333333333333,0.07666666666666666,3.309641140524238,0.0,1.0
21060.0,5.85,0.07666666666666666,3.309620676108961,0.0,1.0
21120.0,5.866666666666666,0.07666666666666666,3.3095998461729588,0.0,1.0
21180.0,5.883333333333334,0.07666666666666666,3.3095786414321657,0.0,1.0
21240.0,5.9,0.07666666666666666,3.309557052378286,0.0,1.0
21300.0,5.916666666666667,0.07666666666666666,3.30953506927416,0.0,1.0
21360.0,5.933333333333334,0.07666666666666666,3.309512682149051,0.0,1.0
21420.0,5.95,0.07666666666666666,3.30948988079391,0.0,1.0
21480.0,5.966666666666667,0.07666666666666666,3.309466654756576,0.0,1.0
21540.0,5.983333333333333,0.07666666666666666,3.30944299333694,0.0,1.0
21600.0,6.0,0.07666666666666666,3.309418885582065,0.0,1.0
21660.0,6.016666666666667,0.07666666666666666,3.30939432028127,0.0,1.0
21720.0,6.033333333333333,0.07666666666666666,3.30936928596118,0.0,1.0
21780.0,6.05,0.07666666666666666,3.309343770880747,0.0,1.0
21840.0,6.066666666666666,0.07666666666666666,3.309317763026234,0.0,1.0
21900.0,6.083333333333333,0.07666666666666666,3.309291250106195,0.0,1.0
21960.0,6.1,0.07666666666666666,3.309264219546418,0.0,1.0
22020.0,6.116666666666666,0.07666666666666666,3.3092366584848705,0.0,1.0
22080.0,6.133333333333334,0.07666666666666666,3.30920855376663,0.0,1.0
22140.0,6.15,0.07666666666666666,3.3091798919388125,0.0,1.0
22200.0,6.166666666666667,0.07666666666666666,3.309150659245513,0.0,1.0
22260.0,6.183333333333334,0.07666666666666666,3.309120841622747,0.0,1.0
22320.0,6.2,0.07666666666666666,3.309090424693422,0.0,1.0
22380.0,6.216666666666667,0.07666666666666666,3.3090593937623227,0.0,1.0
22440.0,6.233333333333333,0.07666666666666666,3.3090277338111416,0.0,1.0
22500.0,6.25,0.07666666666666666,3.308995429493544,0.0,1.0
22560.0,6.266666666666667,0.07666666666666666,3.30896246513029,0.0,1.0
22620.0,6.283333333333333,0.07666666666666666,3.308928824704411,0.0,1.0
22680.0,6.3,0.07666666666666666,3.308894491856463,0.0,1.0
22740.0,6.316666666666666,0.07666666666666666,3.308859449879862,0.0,1.0
22800.0,6.333333333333333,0.07666666666666666,3.3088236817163064,0.0,1.0
22860.0,6.35,0.07666666666666666,3.308787169951309,0.0,1.0
22920.0,6.366666666666666,0.07666666666666666,3.308749896809849,0.0,1.0
22980.0,6.383333333333334,0.07666666666666666,3.308711844152145,0.0,1.0
23040.0,6.4,0.07666666666666666,3.3086729934695827,0.0,1.0
23100.0,6.416666666666667,0.07666666666666666,3.3086333258808005,0.0,1.0
23160.0,6.433333333333334,0.07666666666666666,3.3085928221279386,0.0,1.0
23220.0,6.45,0.07666666666666666,3.308551462573097,0.0,1.0
23280.0,6.466666666666667,0.07666666666666666,3.308509227194984,0.0,1.0
23340.0,6.483333333333333,0.07666666666666666,3.3084660955857967,0.0,1.0
23400.0,6.5,0.07666666666666666,3.3084220469483507,0.0,1.0
23460.0,6.516666666666667,0.07666666666666666,3.308377060093461,0.0,1.0
23520.0,6.533333333333333,0.07666666666666666,3.3083311134376134,0.0,1.0
23580.0,6.55,0.07666666666666666,3.3082841850009386,0.0,1.0
23640.0,6.566666666666666,0.07666666666666666,3.3082362524055093,0.0,1.0
23700.0,6.583333333333333,0.07666666666666666,3.308187292873989,0.0,1.0
23760.0,6.6,0.07666666666666666,3.3081372832286484,0.0,1.0
23820.0,6.616666666666666,0.07666666666666666,3.3080861998907856,0.0,1.0
23880.0,6.633333333333334,0.07666666666666666,3.3080340188805564,0.0,1.0
23940.0,6.65,0.07666666666666666,3.307980715817266,0.0,1.0
24000.0,6.666666666666667,0.07666666666666666,3.3079262659201247,0.0,1.0
24060.0,6.683333333333334,0.07666666666666666,3.3078706440095136,0.0,1.0
24120.0,6.7,0.07666666666666666,3.307813824508781,0.0,1.0
24180.0,6.716666666666667,0.07666666666666666,3.3077557814466,0.0,1.0
24240.0,6.733333333333333,0.07666666666666666,3.307696488459923,0.0,1.0
24300.0,6.75,0.07666666666666666,3.307635918797553,0.0,1.0
24360.0,6.766666666666667,0.07666666666666666,3.307574045324384,0.0,1.0
24420.0,6.783333333333333,0.07666666666666666,3.307510840526324,0.0,1.0
24480.0,6.8,0.07666666666666666,3.3074462765159387,0.0,1.0
24540.0,6.816666666666666,0.07666666666666666,3.307380325038873,0.0,1.0
24600.0,6.833333333333333,0.07666666666666666,3.3073129574810456,0.0,1.0
24660.0,6.85,0.07666666666666666,3.3072441448766887,0.0,1.0
24720.0,6.866666666666666,0.07666666666666666,3.3071738579172583,0.0,1.0
24780.0,6.883333333333334,0.07666666666666666,3.307102066961236,0.0,1.0
24840.0,6.9,0.07666666666666666,3.307028742044894,0.0,1.0
24900.0,6.916666666666667,0.07666666666666666,3.306953852894023,0.0,1.0
24960.0,6.933333333333334,0.07666666666666666,3.3068773689367004,0.0,1.0
25020.0,6.95,0.07666666666666666,3.3067992593170965,0.0,1.0
25080.0,6.966666666666667,0.07666666666666666,3.3067194929103962,0.0,1.0
25140.0,6.983333333333333,0.07666666666666666,3.3066380383388534,0.0,1.0
25200.0,7.0,0.07666666666666666,3.306554863989013,0.0,1.0
25260.0,7.016666666666667,0.07666666666666666,3.30646993803016,0.0,1.0
25320.0,7.033333333333333,0.07666666666666666,3.3063832284340107,0.0,1.0
25380.0,7.05,0.07666666666666666,3.306294702995697,0.0,1.0
25440.0,7.066666666666666,0.07666666666666666,3.3062043293560808,0.0,1.0
25500.0,7.083333333333333,0.07666666666666666,3.3061120750254247,0.0,1.0
25560.0,7.1,0.07666666666666666,3.306017907408458,0.0,1.0
25620.0,7.116666666666666,0.07666666666666666,3.3059217938308847,0.0,1.0
25680.0,7.133333333333334,0.07666666666666666,3.3058237015673355,0.0,1.0
25740.0,7.15,0.07666666666666666,3.3057235978708257,0.0,1.0
25800.0,7.166666666666667,0.07666666666666666,3.3056214500037253,0.0,1.0
25860.0,7.183333333333334,0.07666666666666666,3.3055172252702762,0.0,1.0
25920.0,7.2,0.07666666666666666,3.305410891050677,0.0,1.0
25980.0,7.216666666666667,0.07666666666666666,3.305302414836756,0.0,1.0
26040.0,7.233333333333333,0.07666666666666666,3.305191764269252,0.0,1.0
26100.0,7.25,0.07666666666666666,3.3050789071767115,0.0,1.0
26160.0,7.266666666666667,0.07666666666666666,3.3049638116160183,0.0,1.0
26220.0,7.283333333333333,0.07666666666666666,3.3048464459145577,0.0,1.0
26280.0,7.3,0.07666666666666666,3.3047267787140164,0.0,1.0
26340.0,7.316666666666666,0.07666666666666666,3.3046047790158237,0.0,1.0
26400.0,7.333333333333333,0.07666666666666666,3.304480416228211,0.0,1.0
26460.0,7.35,0.07666666666666666,3.3043536602148933,0.0,1.0
26520.0,7.366666666666666,0.07666666666666666,3.3042244813453427,0.0,1.0
26580.0,7.383333333333334,0.07666666666666666,3.304092850546628,0.0,1.0
26640.0,7.4,0.07666666666666666,3.3039587393568093,0.0,1.0
26700.0,7.416666666666667,0.07666666666666666,3.3038221199798117,0.0,1.0
26760.0,7.433333333333334,0.07666666666666666,3.3036829653417814,0.0,1.0
26820.0,7.45,0.07666666666666666,3.3035412491488287,0.0,1.0
26880.0,7.466666666666667,0.07666666666666666,3.3033969459461265,0.0,1.0
26940.0,7.483333333333333,0.07666666666666666,3.3032500311782913,0.0,1.0
27000.0,7.5,0.07666666666666666,3.3031004812509566,0.0,1.0
27060.0,7.516666666666667,0.07666666666666666,3.3029482735934828,0.0,1.0
27120.0,7.533333333333333,0.07666666666666666,3.302793386722681,0.0,1.0
27180.0,7.55,0.07666666666666666,3.3026358003074723,0.0,1.0
27240.0,7.566666666666666,0.07666666666666666,3.3024754952343693,0.0,1.0
27300.0,7.583333333333333,0.07666666666666666,3.30231245367364,0.0,1.0
27360.0,7.6,0.07666666666666666,3.3021466591460613,0.0,1.0
27420.0,7.616666666666666,0.07666666666666666,3.301978096590095,0.0,1.0
27480.0,7.633333333333334,0.07666666666666666,3.3018067524293517,0.0,1.0
27540.0,7.65,0.07666666666666666,3.3016326146401913,0.0,1.0
27600.0,7.666666666666667,0.07666666666666666,3.301455672819285,0.0,1.0
27660.0,7.683333333333334,0.07666666666666666,3.301275918250973,0.0,1.0
27720.0,7.7,0.07666666666666666,3.301093343974235,0.0,1.0
27780.0,7.716666666666667,0.07666666666666666,3.3009079448490777,0.0,1.0
27840.0,7.733333333333333,0.07666666666666666,3.300719717622147,0.0,1.0
27900.0,7.75,0.07666666666666666,3.3005286609913567,0.0,1.0
27960.0,7.766666666666667,0.07666666666666666,3.300334775669315,0.0,1.0
28020.0,7.783333333333333,0.07666666666666666,3.3001380644453415,0.0,1.0
28080.0,7.8,0.07666666666666666,3.299938532245833,0.0,1.0
28140.0,7.816666666666666,0.07666666666666666,3.2997361861927605,0.0,1.0
28200.0,7.833333333333333,0.07666666666666666,3.29953103566005,0.0,1.0
28260.0,7.85,0.07666666666666666,3.29932309232762,0.0,1.0
28320.0,7.866666666666666,0.07666666666666666,3.299112370232823,0.0,1.0
28380.0,7.883333333333334,0.07666666666666666,3.2988988858190558,0.0,1.0
28440.0,7.9,0.07666666666666666,3.29868265798128,0.0,1.0
28500.0,7.916666666666667,0.07666666666666666,3.2984637081082337,0.0,1.0
28560.0,7.933333333333334,0.07666666666666666,3.2982420601210634,0.0,1.0
28620.0,7.95,0.07666666666666666,3.298017740508154,0.0,1.0
28680.0,7.966666666666667,0.07666666666666666,3.2977907783559246,0.0,1.0
28740.0,7.983333333333333,0.07666666666666666,3.2975612053753385,0.0,1.0
28800.0,8.0,0.07666666666666666,3.29732905592393,0.0,1.0
28860.0,8.016666666666667,0.07666666666666666,3.297094367023119,0.0,1.0
28920.0,8.033333333333333,0.07666666666666666,3.296857178370608,0.0,1.0
28980.0,8.05,0.07666666666666666,3.296617532347671,0.0,1.0
29040.0,8.066666666666666,0.07666666666666666,3.296375474021153,0.0,1.0
29100.0,8.083333333333334,0.07666666666666666,3.296131051140007,0.0,1.0
29160.0,8.1,0.07666666666666666,3.295884314126223,0.0,1.0
29220.0,8.116666666666667,0.07666666666666666,3.2956353160600083,0.0,1.0
29280.0,8.133333333333333,0.07666666666666666,3.2953841126590975,0.0,1.0
29340.0,8.15,0.07666666666666666,3.2951307622520996,0.0,1.0
29400.0,8.166666666666666,0.07666666666666666,3.2948753257458057,0.0,1.0
29460.0,8.183333333333334,0.07666666666666666,3.294617866586383,0.0,1.0
29520.0,8.2,0.07666666666666666,3.2943584507144466,0.0,1.0
29580.0,8.216666666666667,0.07666666666666666,3.2940971465139657,0.0,1.0
29640.0,8.233333333333333,0.07666666666666666,3.2938340247550513,0.0,1.0
29700.0,8.25,0.07666666666666666,3.293569158530625,0.0,1.0
29760.0,8.266666666666667,0.07666666666666666,3.2933026231870643,0.0,1.0
29820.0,8.283333333333333,0.07666666666666666,3.2930344962488927,0.0,1.0
29880.0,8.3,0.07666666666666666,3.292764857337625,0.0,1.0
29940.0,8.316666666666666,0.07666666666666666,3.2924937880849243,0.0,1.0
30000.0,8.333333333333334,0.07666666666666666,3.2922213720402196,0.0,1.0
30060.0,8.35,0.07666666666666666,3.291947694572976,0.0,1.0
30120.0,8.366666666666667,0.07666666666666666,3.2916728427698434,0.0,1.0
30180.0,8.383333333333333,0.07666666666666666,3.2913969053269025,0.0,1.0
30240.0,8.4,0.07666666666666666,3.291119972437297,0.0,1.0
30300.0,8.416666666666666,0.07666666666666666,3.290842135674507,0.0,1.0
30360.0,8.433333333333334,0.07666666666666666,3.2905634878715926,0.0,1.0
30420.0,8.45,0.07666666666666666,3.290284122996732,0.0,1.0
30480.0,8.466666666666667,0.07666666666666666,3.290004136025378,0.0,1.0
30540.0,8.483333333333333,0.07666666666666666,3.289723622809421,0.0,1.0
30600.0,8.5,0.07666666666666666,3.2894426799437224,0.0,1.0
30660.0,8.516666666666667,0.07666666666666666,3.289161404630411,0.0,1.0
30720.0,8.533333333333333,0.07666666666666666,3.288879894541338,0.0,1.0
30780.0,8.55,0.07666666666666666,3.288598247679117,0.0,1.0
30840.0,8.566666666666666,0.07666666666666666,3.2883165622371555,0.0,1.0
30900.0,8.583333333333334,0.07666666666666666,3.2880349364591033,0.0,1.0
30960.0,8.6,0.07666666666666666,3.287753468498153,0.0,1.0
31020.0,8.616666666666667,0.07666666666666666,3.287472256276611,0.0,1.0
31080.0,8.633333333333333,0.07666666666666666,3.287191397346172,0.0,1.0
31140.0,8.65,0.07666666666666666,3.286910988749316,0.0,1.0
31200.0,8.666666666666666,0.07666666666666666,3.286631126882246,0.0,1.0
31260.0,8.683333333333334,0.07666666666666666,3.2863519073597787,0.0,1.0
31320.0,8.7,0.07666666666666666,3.286073424882585,0.0,1.0
31380.0,8.716666666666667,0.07666666666666666,3.285795773107159,0.0,1.0
31440.0,8.733333333333333,0.07666666666666666,3.285519044518904,0.0,1.0
31500.0,8.75,0.07666666666666666,3.285243330308686,0.0,1.0
31560.0,8.766666666666667,0.07666666666666666,3.2849687202531817,0.0,1.0
31620.0,8.783333333333333,0.07666666666666666,3.2846953025993693,0.0,1.0
31680.0,8.8,0.07666666666666666,3.2844231639534263,0.0,1.0
31740.0,8.816666666666666,0.07666666666666666,3.2841523891743543,0.0,1.0
31800.0,8.833333333333334,0.07666666666666666,3.283883061272547,0.0,1.0
31860.0,8.85,0.07666666666666666,3.2836152613135603,0.0,1.0
31920.0,8.866666666666667,0.07666666666666666,3.2833490683272823,0.0,1.0
31980.0,8.883333333333333,0.07666666666666666,3.2830845592226847,0.0,1.0
32040.0,8.9,0.07666666666666666,3.2828218087083183,0.0,1.0
32100.0,8.916666666666666,0.07666666666666666,3.2825608892186744,0.0,1.0
32160.0,8.933333333333334,0.07666666666666666,3.2823018708465344,0.0,1.0
32220.0,8.95,0.07666666666666666,3.282044821281368,0.0,1.0
32280.0,8.966666666666667,0.07666666666666666,3.281789805753853,0.0,1.0
32340.0,8.983333333333333,0.07666666666666666,3.2815368869865265,0.0,1.0
32400.0,9.0,0.07666666666666666,3.281286125150597,0.0,1.0
32460.0,9.016666666666667,0.07666666666666666,3.2810375778288803,0.0,1.0
32520.0,9.033333333333333,0.07666666666666666,3.2807912999848194,0.0,1.0
32580.0,9.05,0.07666666666666666,3.2805473439375326,0.0,1.0
32640.0,9.066666666666666,0.07666666666666666,3.2803057593427996,0.0,1.0
32700.0,9.083333333333334,0.07666666666666666,3.2800665931798862,0.0,1.0
32760.0,9.1,0.07666666666666666,3.279829889744073,0.0,1.0
32820.0,9.116666666666667,0.07666666666666666,3.2795956906447614,0.0,1.0
32880.0,9.133333333333333,0.07666666666666666,3.2793640348089834,0.0,1.0
32940.0,9.15,0.07666666666666666,3.2791349584901655,0.0,1.0
33000.0,9.166666666666666,0.07666666666666666,3.2789084952819336,0.0,1.0
33060.0,9.183333333333334,0.07666666666666666,3.278684676136787,0.0,1.0
33120.0,9.2,0.07666666666666666,3.278463529389412,0.0,1.0
33180.0,9.216666666666667,0.07666666666666666,3.27824508078444,0.0,1.0
33240.0,9.233333333333333,0.07666666666666666,3.2780293535083977,0.0,1.0
33300.0,9.25,0.07666666666666666,3.277816368225645,0.0,1.0
33360.0,9.266666666666667,0.07666666666666666,3.277606143118045,0.0,1.0
33420.0,9.283333333333333,0.07666666666666666,3.2773986939281303,0.0,1.0
33480.0,9.3,0.07666666666666666,3.277194034005535,0.0,1.0
33540.0,9.316666666666666,0.07666666666666666,3.276992174356418,0.0,1.0
33600.0,9.333333333333334,0.07666666666666666,3.276793123695674,0.0,1.0
33660.0,9.35,0.07666666666666666,3.276596888501652,0.0,1.0
33720.0,9.366666666666667,0.07666666666666666,3.276403473073158,0.0,1.0
33780.0,9.383333333333333,0.07666666666666666,3.2762128795885097,0.0,1.0
33840.0,9.4,0.07666666666666666,3.2760251081663863,0.0,1.0
33900.0,9.416666666666666,0.07666666666666666,3.2758401569282687,0.0,1.0
33960.0,9.433333333333334,0.07666666666666666,3.2756580220622213,0.0,1.0
34020.0,9.45,0.07666666666666666,3.2754786978878268,0.0,1.0
34080.0,9.466666666666667,0.07666666666666666,3.27530217692203,0.0,1.0
34140.0,9.483333333333333,0.07666666666666666,3.2751284499457123,0.0,1.0
34200.0,9.5,0.07666666666666666,3.2749575060707836,0.0,1.0
34260.0,9.516666666666667,0.07666666666666666,3.2747893328076185,0.0,1.0
34320.0,9.533333333333333,0.07666666666666666,3.2746239161326414,0.0,1.0
34380.0,9.55,0.07666666666666666,3.2744612405559006,0.0,1.0
34440.0,9.566666666666666,0.07666666666666666,3.2743012891884646,0.0,1.0
34500.0,9.583333333333334,0.07666666666666666,3.2741440438094904,0.0,1.0
34560.0,9.6,0.07666666666666666,3.2739894849328186,0.0,1.0
34620.0,9.616666666666667,0.07666666666666666,3.2738375918729536,0.0,1.0
34680.0,9.633333333333333,0.07666666666666666,3.273688342810323,0.0,1.0
34740.0,9.65,0.07666666666666666,3.2735417148556745,0.0,1.0
34800.0,9.666666666666666,0.07666666666666666,3.2733976841135237,0.0,1.0
34860.0,9.683333333333334,0.07666666666666666,3.2732562257445443,0.0,1.0
34920.0,9.7,0.07666666666666666,3.2731173140268073,0.0,1.0
34980.0,9.716666666666667,0.07666666666666666,3.2729809224158055,0.0,1.0
35040.0,9.733333333333333,0.07666666666666666,3.272847023603167,0.0,1.0
35100.0,9.75,0.07666666666666666,3.2727155895740094,0.0,1.0
35160.0,9.766666666666667,0.07666666666666666,3.272586591662874,0.0,1.0
35220.0,9.783333333333333,0.07666666666666666,3.272460000608185,0.0,1.0
35280.0,9.8,0.07666666666666666,3.2723357866051987,0.0,1.0
35340.0,9.816666666666666,0.07666666666666666,3.272213919357396,0.0,1.0
35400.0,9.833333333333334,0.07666666666666666,3.2720943681263126,0.0,1.0
35460.0,9.85,0.07666666666666666,3.271977101779745,0.0,1.0
35520.0,9.866666666666667,0.07666666666666666,3.271862088838359,0.0,1.0
35580.0,9.883333333333333,0.07666666666666666,3.271749297520656,0.0,1.0
35640.0,9.9,0.07666666666666666,3.271638695786305,0.0,1.0
35700.0,9.916666666666666,0.07666666666666666,3.27153025137784,0.0,1.0
35760.0,9.933333333333334,0.07666666666666666,3.2714239318607232,0.0,1.0
35820.0,9.95,0.07666666666666666,3.271319704661774,0.0,1.0
35880.0,9.966666666666667,0.07666666666666666,3.2712175371059926,0.0,1.0
35940.0,9.983333333333333,0.07666666666666666,3.27111739645177,0.0,1.0
36000.0,10.0,0.07666666666666666,3.271019249924528,0.0,1.0
36060.0,10.016666666666667,0.07666666666666666,3.270923064748787,0.0,1.0
36120.0,10.033333333333333,0.07666666666666666,3.2708288081787007,0.0,1.0
36180.0,10.05,0.07666666666666666,3.270736447527076,0.0,1.0
36240.0,10.066666666666666,0.07666666666666666,3.270645950192914,0.0,1.0
36300.0,10.083333333333334,0.07666666666666666,3.2705572836874968,0.0,1.0
36360.0,10.1,0.07666666666666666,3.2704704156590454,0.0,1.0
36420.0,10.116666666666667,0.07666666666666666,3.270385313916009,0.0,1.0
36480.0,10.133333333333333,0.07666666666666666,3.270301946448978,0.0,1.0
36540.0,10.15,0.07666666666666666,3.270220281451306,0.0,1.0
36600.0,10.166666666666666,0.07666666666666666,3.270140287338432,0.0,1.0
36660.0,10.183333333333334,0.07666666666666666,3.2700619327659735,0.0,1.0
36720.0,10.2,0.07666666666666666,3.269985186646612,0.0,1.0
36780.0,10.216666666666667,0.07666666666666666,3.2699100181658114,0.0,1.0
36840.0,10.233333333333333,0.07666666666666666,3.269836396796417,0.0,1.0
36900.0,10.25,0.07666666666666666,3.2697642923121553,0.0,1.0
36960.0,10.266666666666667,0.07666666666666666,3.269693674800103,0.0,1.0
37020.0,10.283333333333333,0.07666666666666666,3.269624514672127,0.0,1.0
37080.0,10.3,0.07666666666666666,3.269556782675366,0.0,1.0
37140.0,10.316666666666666,0.07666666666666666,3.2694904499017756,0.0,1.0
37200.0,10.333333333333334,0.07666666666666666,3.269425487796777,0.0,1.0
37260.0,10.35,0.07666666666666666,3.2693618681670467,0.0,1.0
37320.0,10.366666666666667,0.07666666666666666,3.2692995631874875,0.0,1.0
37380.0,10.383333333333333,0.07666666666666666,3.269238545407415,0.0,1.0
37440.0,10.4,0.07666666666666666,3.269178787755987,0.0,1.0
37500.0,10.416666666666666,0.07666666666666666,3.269120263546929,0.0,1.0
37560.0,10.433333333333334,0.07666666666666666,3.2690629464825687,0.0,1.0
37620.0,10.45,0.07666666666666666,3.2690068106572254,0.0,1.0
37680.0,10.466666666666667,0.07666666666666666,3.2689518305599856,0.0,1.0
37740.0,10.483333333333333,0.07666666666666666,3.2688979810768934,0.0,1.0
37800.0,10.5,0.07666666666666666,3.268845237492583,0.0,1.0
37860.0,10.516666666666667,0.07666666666666666,3.268793575491395,0.0,1.0
37920.0,10.533333333333333,0.07666666666666666,3.268742971157986,0.0,1.0
37980.0,10.55,0.07666666666666666,3.268693400977487,0.0,1.0
38040.0,10.566666666666666,0.07666666666666666,3.2686448418352,0.0,1.0
38100.0,10.583333333333334,0.07666666666666666,3.2685972710159006,0.0,1.0
38160.0,10.6,0.07666666666666666,3.2685506662027377,0.0,1.0
38220.0,10.616666666666667,0.07666666666666666,3.2685050054757756,0.0,1.0
38280.0,10.633333333333333,0.07666666666666666,3.2684602673101866,0.0,1.0
38340.0,10.65,0.07666666666666666,3.2684164305741352,0.0,1.0
38400.0,10.666666666666666,0.07666666666666666,3.2683734745263537,0.0,1.0
38460.0,10.683333333333334,0.07666666666666666,3.2683313788134467,0.0,1.0
38520.0,10.7,0.07666666666666666,3.2682901234669366,0.0,1.0
38580.0,10.716666666666667,0.07666666666666666,3.268249688900074,0.0,1.0
38640.0,10.733333333333333,0.07666666666666666,3.2682100559044214,0.0,1.0
38700.0,10.75,0.07666666666666666,3.268171205646241,0.0,1.0
38760.0,10.766666666666667,0.07666666666666666,3.2681331196626946,0.0,1.0
38820.0,10.783333333333333,0.07666666666666666,3.2680957798578705,0.0,1.0
38880.0,10.8,0.07666666666666666,3.2680591684986595,0.0,1.0
38940.0,10.816666666666666,0.07666666666666666,3.268023268210487,0.0,1.0
39000.0,10.833333333333334,0.07666666666666666,3.2679880619729236,0.0,1.0
39060.0,10.85,0.07666666666666666,3.2679535331151723,0.0,1.0
39120.0,10.866666666666667,0.07666666666666666,3.267919665311466,0.0,1.0
39180.0,10.883333333333333,0.07666666666666666,3.2678864425763647,0.0,1.0
39240.0,10.9,0.07666666666666666,3.267853849259981,0.0,1.0
39300.0,10.916666666666666,0.07666666666666666,3.267821870043136,0.0,1.0
39360.0,10.933333333333334,0.07666666666666666,3.2677904899324526,0.0,1.0
39420.0,10.95,0.07666666666666666,3.2677596942554095,0.0,1.0
39480.0,10.966666666666667,0.07666666666666666,3.2677294686553453,0.0,1.0
39540.0,10.983333333333333,0.07666666666666666,3.2676997990864356,0.0,1.0
39600.0,11.0,0.07666666666666666,3.2676706718086472,0.0,1.0
39660.0,11.016666666666667,0.07666666666666666,3.2676420733826745,0.0,1.0
39720.0,11.033333333333333,0.07666666666666666,3.2676139906648687,0.0,1.0
39780.0,11.05,0.07666666666666666,3.2675864108021586,0.0,1.0
39840.0,11.066666666666666,0.07666666666666666,3.2675593212269836,0.0,1.0
39900.0,11.083333333333334,0.07666666666666666,3.267532709652224,0.0,1.0
39960.0,11.1,0.07666666666666666,3.267506564066161,0.0,1.0
40020.0,11.116666666666667,0.07666666666666666,3.2674808727274387,0.0,1.0
40080.0,11.133333333333333,0.07666666666666666,3.2674556241600614,0.0,1.0
40140.0,11.15,0.07666666666666666,3.2674308071484166,0.0,1.0
40200.0,11.166666666666666,0.07666666666666666,3.2674064107323293,0.0,1.0
40260.0,11.183333333333334,0.07666666666666666,3.267382424202148,0.0,1.0
40320.0,11.2,0.07666666666666666,3.267358837093881,0.0,1.0
40380.0,11.216666666666667,0.07666666666666666,3.26733563918436,0.0,1.0
40440.0,11.233333333333333,0.07666666666666666,3.26731282048646,0.0,1.0
40500.0,11.25,0.07666666666666666,3.2672903712443624,0.0,1.0
40560.0,11.266666666666667,0.07666666666666666,3.26726828192887,0.0,1.0
40620.0,11.283333333333333,0.07666666666666666,3.2672465432327704,0.0,1.0
40680.0,11.3,0.07666666666666666,3.267225146066256,0.0,1.0
40740.0,11.316666666666666,0.07666666666666666,3.2672040815524035,0.0,1.0
40800.0,11.333333333333334,0.07666666666666666,3.267183341022702,0.0,1.0
40860.0,11.35,0.07666666666666666,3.267162916012648,0.0,1.0
40920.0,11.366666666666667,0.07666666666666666,3.267142798257395,0.0,1.0
40980.0,11.383333333333333,0.07666666666666666,3.26712297968747,0.0,1.0
41040.0,11.4,0.07666666666666666,3.267103452424544,0.0,1.0
41100.0,11.416666666666666,0.07666666666666666,3.2670842087772702,0.0,1.0
41160.0,11.433333333333334,0.07666666666666666,3.2670652412371886,0.0,1.0
41220.0,11.45,0.07666666666666666,3.2670465424746857,0.0,1.0
41280.0,11.466666666666667,0.07666666666666666,3.2670281053350267,0.0,1.0
41340.0,11.483333333333333,0.07666666666666666,3.267009922834449,0.0,1.0
41400.0,11.5,0.07666666666666666,3.266991988156318,0.0,1.0
41460.0,11.516666666666667,0.07666666666666666,3.2669742946473543,0.0,1.0
41520.0,11.533333333333333,0.07666666666666666,3.266956835813917,0.0,1.0
41580.0,11.55,0.07666666666666666,3.266939605318364,0.0,1.0
41640.0,11.566666666666666,0.07666666666666666,3.266922596975461,0.0,1.0
41700.0,11.583333333333334,0.07666666666666666,3.26690580474887,0.0,1.0
41760.0,11.6,0.07666666666666666,3.2668892227476953,0.0,1.0
41820.0,11.616666666666667,0.07666666666666666,3.26687284522309,0.0,1.0
41880.0,11.633333333333333,0.07666666666666666,3.2668566665649332,0.0,1.0
41940.0,11.65,0.07666666666666666,3.2668406812985693,0.0,1.0
42000.0,11.666666666666666,0.07666666666666666,3.2668248840816014,0.0,1.0
42060.0,11.683333333333334,0.07666666666666666,3.2668092697007585,0.0,1.0
42120.0,11.7,0.07666666666666666,3.266793833068814,0.0,1.0
42180.0,11.716666666666667,0.07666666666666666,3.266778569221574,0.0,1.0
42240.0,11.733333333333333,0.07666666666666666,3.2667634733149193,0.0,1.0
42300.0,11.75,0.07666666666666666,3.2667485406219083,0.0,1.0
42360.0,11.766666666666667,0.07666666666666666,3.2667337665299416,0.0,1.0
42420.0,11.783333333333333,0.07666666666666666,3.266719146537982,0.0,1.0
42480.0,11.8,0.07666666666666666,3.266704676253829,0.0,1.0
42540.0,11.816666666666666,0.07666666666666666,3.2666903513914622,0.0,1.0
42600.0,11.833333333333334,0.07666666666666666,3.266676167768421,0.0,1.0
42660.0,11.85,0.07666666666666666,3.266662121303258,0.0,1.0
42720.0,11.866666666666667,0.07666666666666666,3.2666482080130343,0.0,1.0
42780.0,11.883333333333333,0.07666666666666666,3.266634424010877,0.0,1.0
42840.0,11.9,0.07666666666666666,3.2666207655035784,0.0,1.0
42900.0,11.916666666666666,0.07666666666666666,3.266607228789261,0.0,1.0
42960.0,11.933333333333334,0.07666666666666666,3.266593810255079,0.0,1.0
43020.0,11.95,0.07666666666666666,3.266580506374981,0.0,1.0
43080.0,11.966666666666667,0.07666666666666666,3.2665673137075157,0.0,1.0
43140.0,11.983333333333333,0.07666666666666666,3.266554228893688,0.0,1.0
43200.0,12.0,0.07666666666666666,3.2665412486548613,0.0,1.0
43260.0,12.016666666666667,0.07666666666666666,3.266528369790711,0.0,1.0
43320.0,12.033333333333333,0.07666666666666666,3.2665155891772155,0.0,1.0
43380.0,12.05,0.07666666666666666,3.2665029037647004,0.0,1.0
43440.0,12.066666666666666,0.07666666666666666,3.2664903105759207,0.0,1.0
43500.0,12.083333333333334,0.07666666666666666,3.266477806704193,0.0,1.0
43560.0,12.1,0.07666666666666666,3.266465389311559,0.0,1.0
43620.0,12.116666666666667,0.07666666666666666,3.266453055627007,0.0,1.0
43680.0,12.133333333333333,0.07666666666666666,3.266440802944714,0.0,1.0
43740.0,12.15,0.07666666666666666,3.266428628622348,0.0,1.0
43800.0,12.166666666666666,0.07666666666666666,3.2664165300793933,0.0,1.0
43860.0,12.183333333333334,0.07666666666666666,3.2664045047955255,0.0,1.0
43920.0,12.2,0.07666666666666666,3.266392550309016,0.0,1.0
43980.0,12.216666666666667,0.07666666666666666,3.2663806642151787,0.0,1.0
44040.0,12.233333333333333,0.07666666666666666,3.266368844164849,0.0,1.0
44100.0,12.25,0.07666666666666666,3.266357087862902,0.0,1.0
44160.0,12.266666666666667,0.07666666666666666,3.266345393066799,0.0,1.0
44220.0,12.283333333333333,0.07666666666666666,3.266333757585178,0.0,1.0
44280.0,12.3,0.07666666666666666,3.2663221792764645,0.0,1.0
44340.0,12.316666666666666,0.07666666666666666,3.2663106560475255,0.0,1.0
44400.0,12.333333333333334,0.07666666666666666,3.266299185852346,0.0,1.0
44460.0,12.35,0.07666666666666666,3.2662877666907453,0.0,1.0
44520.0,12.366666666666667,0.07666666666666666,3.266276396607119,0.0,1.0
44580.0,12.383333333333333,0.07666666666666666,3.266265073689206,0.0,1.0
44640.0,12.4,0.07666666666666666,3.2662537960668963,0.0,1.0
44700.0,12.416666666666666,0.07666666666666666,3.266242561911051,0.0,1.0
44760.0,12.433333333333334,0.07666666666666666,3.2662313694323686,0.0,1.0
44820.0,12.45,0.07666666666666666,3.2662202168802565,0.0,1.0
44880.0,12.466666666666667,0.07666666666666666,3.2662091025417532,0.0,1.0
44940.0,12.483333333333333,0.07666666666666666,3.2661980247404525,0.0,1.0
45000.0,12.5,0.07666666666666666,3.266186981835468,0.0,1.0
45060.0,12.516666666666667,0.07666666666666666,3.266175972220423,0.0,1.0
45120.0,12.533333333333333,0.07666666666666666,3.2661649943224473,0.0,1.0
45180.0,12.55,0.07666666666666666,3.2661540466012218,0.0,1.0
45240.0,12.566666666666666,0.07666666666666666,3.2661431275480237,0.0,1.0
45300.0,12.583333333333334,0.07666666666666666,3.2661322356848075,0.0,1.0
45360.0,12.6,0.07666666666666666,3.2661213695633036,0.0,1.0
45420.0,12.616666666666667,0.07666666666666666,3.266110527764137,0.0,1.0
45480.0,12.633333333333333,0.07666666666666666,3.266099708895969,0.0,1.0
45540.0,12.65,0.07666666666666666,3.2660889115946556,0.0,1.0
45600.0,12.666666666666666,0.07666666666666666,3.26607813452243,0.0,1.0
45660.0,12.683333333333334,0.07666666666666666,3.2660673763670998,0.0,1.0
45720.0,12.7,0.07666666666666666,3.2660566358412657,0.0,1.0
45780.0,12.716666666666667,0.07666666666666666,3.266045911681562,0.0,1.0
45840.0,12.733333333333333,0.07666666666666666,3.2660352026479,0.0,1.0
45900.0,12.75,0.07666666666666666,3.266024507522752,0.0,1.0
45960.0,12.766666666666667,0.07666666666666666,3.2660138251104303,0.0,1.0
46020.0,12.783333333333333,0.07666666666666666,3.266003154236396,0.0,1.0
46080.0,12.8,0.07666666666666666,3.2659924937465767,0.0,1.0
46140.0,12.816666666666666,0.07666666666666666,3.2659818425067075,0.0,1.0
46200.0,12.833333333333334,0.07666666666666666,3.265971199401677,0.0,1.0
46260.0,12.85,0.07666666666666666,3.265960563334896,0.0,1.0
46320.0,12.866666666666667,0.07666666666666666,3.265949933227682,0.0,1.0
46380.0,12.883333333333333,0.07666666666666666,3.265939308018645,0.0,1.0
46440.0,12.9,0.07666666666666666,3.265928686663105,0.0,1.0
46500.0,12.916666666666666,0.07666666666666666,3.265918068132509,0.0,1.0
46560.0,12.933333333333334,0.07666666666666666,3.265907451413866,0.0,1.0
46620.0,12.95,0.07666666666666666,3.265896835509197,0.0,1.0
46680.0,12.966666666666667,0.07666666666666666,3.2658862194349925,0.0,1.0
46740.0,12.983333333333333,0.07666666666666666,3.265875602221683,0.0,1.0
46800.0,13.0,0.07666666666666666,3.2658649829131265,0.0,1.0
46860.0,13.016666666666667,0.07666666666666666,3.2658543605661,0.0,1.0
46920.0,13.033333333333333,0.07666666666666666,3.2658437342498057,0.0,1.0
46980.0,13.05,0.07666666666666666,3.2658331030453898,0.0,1.0
47040.0,13.066666666666666,0.07666666666666666,3.2658224660454636,0.0,1.0
47100.0,13.083333333333334,0.07666666666666666,3.26581182235365,0.0,1.0
47160.0,13.1,0.07666666666666666,3.26580117108412,0.0,1.0
47220.0,13.116666666666667,0.07666666666666666,3.2657905113611574,0.0,1.0
47280.0,13.133333333333333,0.07666666666666666,3.265779842318721,0.0,1.0
47340.0,13.15,0.07666666666666666,3.2657691631000194,0.0,1.0
47400.0,13.166666666666666,0.07666666666666666,3.2657584728570965,0.0,1.0
47460.0,13.183333333333334,0.07666666666666666,3.265747770750423,0.0,1.0
47520.0,13.2,0.07666666666666666,3.2657370559484966,0.0,1.0
47580.0,13.216666666666667,0.07666666666666666,3.2657263276274517,0.0,1.0
47640.0,13.233333333333333,0.07666666666666666,3.2657155849706743,0.0,1.0
47700.0,13.25,0.07666666666666666,3.265704827168431,0.0,1.0
47760.0,13.266666666666667,0.07666666666666666,3.2656940534174925,0.0,1.0
47820.0,13.283333333333333,0.07666666666666666,3.2656832629207835,0.0,1.0
47880.0,13.3,0.07666666666666666,3.265672454887017,0.0,1.0
47940.0,13.316666666666666,0.07666666666666666,3.2656616285303546,0.0,1.0
48000.0,13.333333333333334,0.07666666666666666,3.2656507830700647,0.0,1.0
48060.0,13.35,0.07666666666666666,3.265639917730185,0.0,1.0
48120.0,13.366666666666667,0.07666666666666666,3.265629031739197,0.0,1.0
48180.0,13.383333333333333,0.07666666666666666,3.2656181243297038,0.0,1.0
48240.0,13.4,0.07666666666666666,3.265607194738111,0.0,1.0
48300.0,13.416666666666666,0.07666666666666666,3.265596242204319,0.0,1.0
48360.0,13.433333333333334,0.07666666666666666,3.265585265971418,0.0,1.0
48420.0,13.45,0.07666666666666666,3.265574265285384,0.0,1.0
48480.0,13.466666666666667,0.07666666666666666,3.2655632393947873,0.0,1.0
48540.0,13.483333333333333,0.07666666666666666,3.2655521875505014,0.0,1.0
48600.0,13.5,0.07666666666666666,3.2655411090054205,0.0,1.0
48660.0,13.516666666666667,0.07666666666666666,3.2655300030141716,0.0,1.0
48720.0,13.533333333333333,0.07666666666666666,3.265518868832848,0.0,1.0
48780.0,13.55,0.07666666666666666,3.265507705718731,0.0,1.0
48840.0,13.566666666666666,0.07666666666666666,3.265496512930024,0.0,1.0
48900.0,13.583333333333334,0.07666666666666666,3.265485289725592,0.0,1.0
48960.0,13.6,0.07666666666666666,3.2654740353646945,0.0,1.0
49020.0,13.616666666666667,0.07666666666666666,3.265462749106741,0.0,1.0
49080.0,13.633333333333333,0.07666666666666666,3.2654514302110287,0.0,1.0
49140.0,13.65,0.07666666666666666,3.2654400779364976,0.0,1.0
49200.0,13.666666666666666,0.07666666666666666,3.265428691541487,0.0,1.0
49260.0,13.683333333333334,0.07666666666666666,3.2654172702834923,0.0,1.0
49320.0,13.7,0.07666666666666666,3.265405813418924,0.0,1.0
49380.0,13.716666666666667,0.07666666666666666,3.265394320202875,0.0,1.0
49440.0,13.733333333333333,0.07666666666666666,3.2653827898888856,0.0,1.0
49500.0,13.75,0.07666666666666666,3.2653712217287176,0.0,1.0
49560.0,13.766666666666667,0.07666666666666666,3.265359614972118,0.0,1.0
49620.0,13.783333333333333,0.07666666666666666,3.2653479688666027,0.0,1.0
49680.0,13.8,0.07666666666666666,3.265336282657233,0.0,1.0
49740.0,13.816666666666666,0.07666666666666666,3.265324555586391,0.0,1.0
49800.0,13.833333333333334,0.07666666666666666,3.2653127868935656,0.0,1.0
49860.0,13.85,0.07666666666666666,3.2653009758151343,0.0,1.0
49920.0,13.866666666666667,0.07666666666666666,3.2652891215841553,0.0,1.0
49980.0,13.883333333333333,0.07666666666666666,3.2652772234301475,0.0,1.0
50040.0,13.9,0.07666666666666666,3.265265280578888,0.0,1.0
50100.0,13.916666666666666,0.07666666666666666,3.2652532922522006,0.0,1.0
50160.0,13.933333333333334,0.07666666666666666,3.265241257667751,0.0,1.0
50220.0,13.95,0.07666666666666666,3.2652291760388437,0.0,1.0
50280.0,13.966666666666667,0.07666666666666666,3.2652170465742136,0.0,1.0
50340.0,13.983333333333333,0.07666666666666666,3.2652048684778308,0.0,1.0
50400.0,14.0,0.07666666666666666,3.265192640948697,0.0,1.0
50460.0,14.016666666666667,0.07666666666666666,3.2651803631806477,0.0,1.0
50520.0,14.033333333333333,0.07666666666666666,3.265168034362154,0.0,1.0
50580.0,14.05,0.07666666666666666,3.2651556536761257,0.0,1.0
50640.0,14.066666666666666,0.07666666666666666,3.2651432202997177,0.0,1.0
50700.0,14.083333333333334,0.07666666666666666,3.265130733404134,0.0,1.0
50760.0,14.1,0.07666666666666666,3.265118192154433,0.0,1.0
50820.0,14.116666666666667,0.07666666666666666,3.2651055957093376,0.0,1.0
50880.0,14.133333333333333,0.07666666666666666,3.2650929432210414,0.0,1.0
50940.0,14.15,0.07666666666666666,3.2650802338350173,0.0,1.0
51000.0,14.166666666666666,0.07666666666666666,3.265067466689829,0.0,1.0
51060.0,14.183333333333334,0.07666666666666666,3.265054640916939,0.0,1.0
51120.0,14.2,0.07666666666666666,3.26504175564052,0.0,1.0
51180.0,14.216666666666667,0.07666666666666666,3.2650288099772635,0.0,1.0
51240.0,14.233333333333333,0.07666666666666666,3.2650158030361984,0.0,1.0
51300.0,14.25,0.07666666666666666,3.2650027339184913,0.0,1.0
51360.0,14.266666666666667,0.07666666666666666,3.2649896017172697,0.0,1.0
51420.0,14.283333333333333,0.07666666666666666,3.2649764055174266,0.0,1.0
51480.0,14.3,0.07666666666666666,3.2649631443954386,0.0,1.0
51540.0,14.316666666666666,0.07666666666666666,3.2649498174191733,0.0,1.0
51600.0,14.333333333333334,0.07666666666666666,3.264936423647705,0.0,1.0
51660.0,14.35,0.07666666666666666,3.264922962131125,0.0,1.0
51720.0,14.366666666666667,0.07666666666666666,3.264909431910359,0.0,1.0
51780.0,14.383333333333333,0.07666666666666666,3.2648958320169736,0.0,1.0
51840.0,14.4,0.07666666666666666,3.2648821614729915,0.0,1.0
51900.0,14.416666666666666,0.07666666666666666,3.264868419290705,0.0,1.0
51960.0,14.433333333333334,0.07666666666666666,3.2648546044724833,0.0,1.0
52020.0,14.45,0.07666666666666666,3.264840716010591,0.0,1.0
52080.0,14.466666666666667,0.07666666666666666,3.264826752886991,0.0,1.0
52140.0,14.483333333333333,0.07666666666666666,3.264812714073164,0.0,1.0
52200.0,14.5,0.07666666666666666,3.264798598529913,0.0,1.0
52260.0,14.516666666666667,0.07666666666666666,3.264784405207174,0.0,1.0
52320.0,14.533333333333333,0.07666666666666666,3.2647701330438306,0.0,1.0
52380.0,14.55,0.07666666666666666,3.264755780967514,0.0,1.0
52440.0,14.566666666666666,0.07666666666666666,3.26474134789442,0.0,1.0
52500.0,14.583333333333334,0.07666666666666666,3.2647268327291115,0.0,1.0
52560.0,14.6,0.07666666666666666,3.26471223436433,0.0,1.0
52620.0,14.616666666666667,0.07666666666666666,3.264697551680797,0.0,1.0
52680.0,14.633333333333333,0.07666666666666666,3.264682783547023,0.0,1.0
52740.0,14.65,0.07666666666666666,3.26466792881911,0.0,1.0
52800.0,14.666666666666666,0.07666666666666666,3.2646529863405593,0.0,1.0
52860.0,14.683333333333334,0.07666666666666666,3.2646379549420703,0.0,1.0
52920.0,14.7,0.07666666666666666,3.264622833441348,0.0,1.0
52980.0,14.716666666666667,0.07666666666666666,3.2646076206428996,0.0,1.0
53040.0,14.733333333333333,0.07666666666666666,3.264592315337836,0.0,1.0
53100.0,14.75,0.07666666666666666,3.264576916303673,0.0,1.0
53160.0,14.766666666666667,0.07666666666666666,3.264561422304131,0.0,1.0
53220.0,14.783333333333333,0.07666666666666666,3.264545832088928,0.0,1.0
53280.0,14.8,0.07666666666666666,3.2645301443935786,0.0,1.0
53340.0,14.816666666666666,0.07666666666666666,3.2645143579391904,0.0,1.0
53400.0,14.833333333333334,0.07666666666666666,3.264498471432257,0.0,1.0
53460.0,14.85,0.07666666666666666,3.2644824835644504,0.0,1.0
53520.0,14.866666666666667,0.07666666666666666,3.264466393012413,0.0,1.0
53580.0,14.883333333333333,0.07666666666666666,3.264450198437551,0.0,1.0
53640.0,14.9,0.07666666666666666,3.264433898485817,0.0,1.0
53700.0,14.916666666666666,0.07666666666666666,3.2644174917875084,0.0,1.0
53760.0,14.933333333333334,0.07666666666666666,3.264400976957044,0.0,1.0
53820.0,14.95,0.07666666666666666,3.264384352592754,0.0,1.0
53880.0,14.966666666666667,0.07666666666666666,3.2643676172766662,0.0,1.0
53940.0,14.983333333333333,0.07666666666666666,3.2643507695742877,0.0,1.0
54000.0,15.0,0.07666666666666666,3.264333808034381,0.0,1.0
54060.0,15.016666666666667,0.07666666666666666,3.2643167311887518,0.0,1.0
54120.0,15.033333333333333,0.07666666666666666,3.2642995375520245,0.0,1.0
54180.0,15.05,0.07666666666666666,3.2642822256214172,0.0,1.0
54240.0,15.066666666666666,0.07666666666666666,3.2642647938765226,0.0,1.0
54300.0,15.083333333333334,0.07666666666666666,3.2642472407790755,0.0,1.0
54360.0,15.1,0.07666666666666666,3.2642295647727306,0.0,1.0
54420.0,15.116666666666667,0.07666666666666666,3.2642117642828343,0.0,1.0
54480.0,15.133333333333333,0.07666666666666666,3.2641938377161903,0.0,1.0
54540.0,15.15,0.07666666666666666,3.26417578346083,0.0,1.0
54600.0,15.166666666666666,0.07666666666666666,3.2641575998857792,0.0,1.0
54660.0,15.183333333333334,0.07666666666666666,3.264139285340825,0.0,1.0
54720.0,15.2,0.07666666666666666,3.2641208381562743,0.0,1.0
54780.0,15.216666666666667,0.07666666666666666,3.264102256642721,0.0,1.0
54840.0,15.233333333333333,0.07666666666666666,3.264083539090804,0.0,1.0
54900.0,15.25,0.07666666666666666,3.2640646837709633,0.0,1.0
54960.0,15.266666666666667,0.07666666666666666,3.264045688933203,0.0,1.0
55020.0,15.283333333333333,0.07666666666666666,3.2640265528068415,0.0,1.0
55080.0,15.3,0.07666666666666666,3.264007273600265,0.0,1.0
55140.0,15.316666666666666,0.07666666666666666,3.263987849500686,0.0,1.0
55200.0,15.333333333333334,0.07666666666666666,3.263968278673885,0.0,1.0
55260.0,15.35,0.07666666666666666,3.2639485592639663,0.0,1.0
55320.0,15.366666666666667,0.07666666666666666,3.2639286893931008,0.0,1.0
55380.0,15.383333333333333,0.07666666666666666,3.2639086671612714,0.0,1.0
55440.0,15.4,0.07666666666666666,3.263888490646023,0.0,1.0
55500.0,15.416666666666666,0.07666666666666666,3.2638681579021944,0.0,1.0
55560.0,15.433333333333334,0.07666666666666666,3.263847666961666,0.0,1.0
55620.0,15.45,0.07666666666666666,3.2638270158330975,0.0,1.0
55680.0,15.466666666666667,0.07666666666666666,3.2638062025016623,0.0,1.0
55740.0,15.483333333333333,0.07666666666666666,3.263785224928784,0.0,1.0
55800.0,15.5,0.07666666666666666,3.263764081051872,0.0,1.0
55860.0,15.516666666666667,0.07666666666666666,3.2637427687840486,0.0,1.0
55920.0,15.533333333333333,0.07666666666666666,3.2637212860138862,0.0,1.0
55980.0,15.55,0.07666666666666666,3.2636996306051294,0.0,1.0
56040.0,15.566666666666666,0.07666666666666666,3.2636778003964264,0.0,1.0
56100.0,15.583333333333334,0.07666666666666666,3.2636557932010515,0.0,1.0
56160.0,15.6,0.07666666666666666,3.263633606806629,0.0,1.0
56220.0,15.616666666666667,0.07666666666666666,3.2636112389748586,0.0,1.0
56280.0,15.633333333333333,0.07666666666666666,3.263588687441232,0.0,1.0
56340.0,15.65,0.07666666666666666,3.263565949914754,0.0,1.0
56400.0,15.666666666666666,0.07666666666666666,3.2635430240776575,0.0,1.0
56460.0,15.683333333333334,0.07666666666666666,3.2635199075851213,0.0,1.0
56520.0,15.7,0.07666666666666666,3.263496598064985,0.0,1.0
56580.0,15.716666666666667,0.07666666666666666,3.2634730931174585,0.0,1.0
56640.0,15.733333333333333,0.07666666666666666,3.2634493903148347,0.0,1.0
56700.0,15.75,0.07666666666666666,3.263425487201202,0.0,1.0
56760.0,15.766666666666667,0.07666666666666666,3.263401381292146,0.0,1.0
56820.0,15.783333333333333,0.07666666666666666,3.263377070074463,0.0,1.0
56880.0,15.8,0.07666666666666666,3.2633525510058616,0.0,1.0
56940.0,15.816666666666666,0.07666666666666666,3.2633278215146664,0.0,1.0
57000.0,15.833333333333334,0.07666666666666666,3.2633028789995233,0.0,1.0
57060.0,15.85,0.07666666666666666,3.263277720829097,0.0,1.0
57120.0,15.866666666666667,0.07666666666666666,3.263252344341776,0.0,1.0
57180.0,15.883333333333333,0.07666666666666666,3.2632267468453664,0.0,1.0
57240.0,15.9,0.07666666666666666,3.2632009256167924,0.0,1.0
57300.0,15.916666666666666,0.07666666666666666,3.2631748779017897,0.0,1.0
57360.0,15.933333333333334,0.07666666666666666,3.2631486009146076,0.0,1.0
57420.0,15.95,0.07666666666666666,3.263122091837695,0.0,1.0
57480.0,15.966666666666667,0.07666666666666666,3.2630953478213947,0.0,1.0
57540.0,15.983333333333333,0.07666666666666666,3.263068365983643,0.0,1.0
57600.0,16.0,0.07666666666666666,3.2630411434096542,0.0,1.0
57660.0,16.016666666666666,0.07666666666666666,3.26301367715161,0.0,1.0
57720.0,16.033333333333335,0.07666666666666666,3.2629859642283527,0.0,1.0
57780.0,16.05,0.07666666666666666,3.2629580016250737,0.0,1.0
57840.0,16.066666666666666,0.07666666666666666,3.2629297862929993,0.0,1.0
57900.0,16.083333333333332,0.07666666666666666,3.262901315149078,0.0,1.0
57960.0,16.1,0.07666666666666666,3.26287258507567,0.0,1.0
58020.0,16.116666666666667,0.07666666666666666,3.262843592920231,0.0,1.0
58080.0,16.133333333333333,0.07666666666666666,3.2628143354949963,0.0,1.0
58140.0,16.15,0.07666666666666666,3.262784809576673,0.0,1.0
58200.0,16.166666666666668,0.07666666666666666,3.2627550119061155,0.0,1.0
58260.0,16.183333333333334,0.07666666666666666,3.2627249391880175,0.0,1.0
58320.0,16.2,0.07666666666666666,3.2626945880905946,0.0,1.0
58380.0,16.216666666666665,0.07666666666666666,3.2626639552452663,0.0,1.0
58440.0,16.233333333333334,0.07666666666666666,3.262633037246344,0.0,1.0
58500.0,16.25,0.07666666666666666,3.2626018306507136,0.0,1.0
58560.0,16.266666666666666,0.07666666666666666,3.2625703319775208,0.0,1.0
58620.0,16.283333333333335,0.07666666666666666,3.262538537707859,0.0,1.0
58680.0,16.3,0.07666666666666666,3.2625064442844467,0.0,1.0
58740.0,16.316666666666666,0.07666666666666666,3.2624740481113235,0.0,1.0
58800.0,16.333333333333332,0.07666666666666666,3.262441345553531,0.0,1.0
58860.0,16.35,0.07666666666666666,3.262408332936798,0.0,1.0
58920.0,16.366666666666667,0.07666666666666666,3.2623750065472352,0.0,1.0
58980.0,16.383333333333333,0.07666666666666666,3.2623413626310183,0.0,1.0
59040.0,16.4,0.07666666666666666,3.2623073973940797,0.0,1.0
59100.0,16.416666666666668,0.07666666666666666,3.2622731070018007,0.0,1.0
59160.0,16.433333333333334,0.07666666666666666,3.2622384875787027,0.0,1.0
59220.0,16.45,0.07666666666666666,3.2622035352081427,0.0,1.0
59280.0,16.466666666666665,0.07666666666666666,3.2621682459320045,0.0,1.0
59340.0,16.483333333333334,0.07666666666666666,3.2621326157504007,0.0,1.0
59400.0,16.5,0.07666666666666666,3.262096640621367,0.0,1.0
59460.0,16.516666666666666,0.07666666666666666,3.262060316460569,0.0,1.0
59520.0,16.533333333333335,0.07666666666666666,3.2620236391409967,0.0,1.0
59580.0,16.55,0.07666666666666666,3.261986604492678,0.0,1.0
59640.0,16.566666666666666,0.07666666666666666,3.2619492083023807,0.0,1.0
59700.0,16.583333333333332,0.07666666666666666,3.2619114463133227,0.0,1.0
59760.0,16.6,0.07666666666666666,3.261873314224892,0.0,1.0
59820.0,16.616666666666667,0.07666666666666666,3.2618348076923507,0.0,1.0
59880.0,16.633333333333333,0.07666666666666666,3.2617959223265642,0.0,1.0
59940.0,16.65,0.07666666666666666,3.261756653693718,0.0,1.0
60000.0,16.666666666666668,0.07666666666666666,3.2617169973150437,0.0,1.0
60060.0,16.683333333333334,0.07666666666666666,3.261676948666553,0.0,1.0
60120.0,16.7,0.07666666666666666,3.261636503178761,0.0,1.0
60180.0,16.716666666666665,0.07666666666666666,3.261595656236437,0.0,1.0
60240.0,16.733333333333334,0.07666666666666666,3.2615544031783306,0.0,1.0
60300.0,16.75,0.07666666666666666,3.2615127392969296,0.0,1.0
60360.0,16.766666666666666,0.07666666666666666,3.261470659838205,0.0,1.0
60420.0,16.783333333333335,0.07666666666666666,3.2614281600013664,0.0,1.0
60480.0,16.8,0.07666666666666666,3.2613852349386243,0.0,1.0
60540.0,16.816666666666666,0.07666666666666666,3.2613418797549554,0.0,1.0
60600.0,16.833333333333332,0.07666666666666666,3.261298089507871,0.0,1.0
60660.0,16.85,0.07666666666666666,3.261253859207199,0.0,1.0
60720.0,16.866666666666667,0.07666666666666666,3.2612091838148647,0.0,1.0
60780.0,16.883333333333333,0.07666666666666666,3.2611640582446797,0.0,1.0
60840.0,16.9,0.07666666666666666,3.2611184773621393,0.0,1.0
60900.0,16.916666666666668,0.07666666666666666,3.2610724359842225,0.0,1.0
60960.0,16.933333333333334,0.07666666666666666,3.2610259288792074,0.0,1.0
61020.0,16.95,0.07666666666666666,3.2609789507664857,0.0,1.0
61080.0,16.966666666666665,0.07666666666666666,3.2609314963163842,0.0,1.0
61140.0,16.983333333333334,0.07666666666666666,3.2608835601500057,0.0,1.0
61200.0,17.0,0.07666666666666666,3.2608351368390633,0.0,1.0
61260.0,17.016666666666666,0.07666666666666666,3.260786220905732,0.0,1.0
61320.0,17.033333333333335,0.07666666666666666,3.260736806822511,0.0,1.0
61380.0,17.05,0.07666666666666666,3.260686889012087,0.0,1.0
61440.0,17.066666666666666,0.07666666666666666,3.260636461847212,0.0,1.0
61500.0,17.083333333333332,0.07666666666666666,3.260585519650593,0.0,1.0
61560.0,17.1,0.07666666666666666,3.2605340566947882,0.0,1.0
61620.0,17.116666666666667,0.07666666666666666,3.2604820672021133,0.0,1.0
61680.0,17.133333333333333,0.07666666666666666,3.2604295453445595,0.0,1.0
61740.0,17.15,0.07666666666666666,3.2603764852437283,0.0,1.0
61800.0,17.166666666666668,0.07666666666666666,3.2603228809707647,0.0,1.0
61860.0,17.183333333333334,0.07666666666666666,3.2602687265463186,0.0,1.0
61920.0,17.2,0.07666666666666666,3.260214015940502,0.0,1.0
61980.0,17.216666666666665,0.07666666666666666,3.260158743072874,0.0,1.0
62040.0,17.233333333333334,0.07666666666666666,3.260102901812428,0.0,1.0
62100.0,17.25,0.07666666666666666,3.260046485977596,0.0,1.0
62160.0,17.266666666666666,0.07666666666666666,3.2599894893362693,0.0,1.0
62220.0,17.283333333333335,0.07666666666666666,3.2599319056058267,0.0,1.0
62280.0,17.3,0.07666666666666666,3.2598737284531873,0.0,1.0
62340.0,17.316666666666666,0.07666666666666666,3.2598149514948673,0.0,1.0
62400.0,17.333333333333332,0.07666666666666666,3.2597555682970594,0.0,1.0
62460.0,17.35,0.07666666666666666,3.2596955723757266,0.0,1.0
62520.0,17.366666666666667,0.07666666666666666,3.2596349571967127,0.0,1.0
62580.0,17.383333333333333,0.07666666666666666,3.259573716175865,0.0,1.0
62640.0,17.4,0.07666666666666666,3.259511842679183,0.0,1.0
62700.0,17.416666666666668,0.07666666666666666,3.259449330022978,0.0,1.0
62760.0,17.433333333333334,0.07666666666666666,3.2593861714740484,0.0,1.0
62820.0,17.45,0.07666666666666666,3.259322360249886,0.0,1.0
62880.0,17.466666666666665,0.07666666666666666,3.259257889518884,0.0,1.0
62940.0,17.483333333333334,0.07666666666666666,3.2591927524005824,0.0,1.0
63000.0,17.5,0.07666666666666666,3.259126941965917,0.0,1.0
63060.0,17.516666666666666,0.07666666666666666,3.2590604512375023,0.0,1.0
63120.0,17.533333333333335,0.07666666666666666,3.258993273189928,0.0,1.0
63180.0,17.55,0.07666666666666666,3.2589254007500763,0.0,1.0
63240.0,17.566666666666666,0.07666666666666666,3.258856826797469,0.0,1.0
63300.0,17.583333333333332,0.07666666666666666,3.2587875441646266,0.0,1.0
63360.0,17.6,0.07666666666666666,3.2587175456374613,0.0,1.0
63420.0,17.616666666666667,0.07666666666666666,3.258646823955682,0.0,1.0
63480.0,17.633333333333333,0.07666666666666666,3.258575371813234,0.0,1.0
63540.0,17.65,0.07666666666666666,3.258503181858757,0.0,1.0
63600.0,17.666666666666668,0.07666666666666666,3.2584302466960726,0.0,1.0
63660.0,17.683333333333334,0.07666666666666666,3.2583565588846914,0.0,1.0
63720.0,17.7,0.07666666666666666,3.2582821109403537,0.0,1.0
63780.0,17.716666666666665,0.07666666666666666,3.2582068953355905,0.0,1.0
63840.0,17.733333333333334,0.07666666666666666,3.258130904500318,0.0,1.0
63900.0,17.75,0.07666666666666666,3.2580541308224555,0.0,1.0
63960.0,17.766666666666666,0.07666666666666666,3.2579765666485705,0.0,1.0
64020.0,17.783333333333335,0.07666666666666666,3.257898204284563,0.0,1.0
64080.0,17.8,0.07666666666666666,3.2578190359963637,0.0,1.0
64140.0,17.816666666666666,0.07666666666666666,3.2577390540106785,0.0,1.0
64200.0,17.833333333333332,0.07666666666666666,3.25765825051575,0.0,1.0
64260.0,17.85,0.07666666666666666,3.257576617662159,0.0,1.0
64320.0,17.866666666666667,0.07666666666666666,3.2574941475636585,0.0,1.0
64380.0,17.883333333333333,0.07666666666666666,3.2574108322980297,0.0,1.0
64440.0,17.9,0.07666666666666666,3.257326663907988,0.0,1.0
64500.0,17.916666666666668,0.07666666666666666,3.2572416344021073,0.0,1.0
64560.0,17.933333333333334,0.07666666666666666,3.2571557357557825,0.0,1.0
64620.0,17.95,0.07666666666666666,3.2570689599122367,0.0,1.0
64680.0,17.966666666666665,0.07666666666666666,3.2569812987835487,0.0,1.0
64740.0,17.983333333333334,0.07666666666666666,3.2568927442517253,0.0,1.0
64800.0,18.0,0.07666666666666666,3.256803288169812,0.0,1.0
64860.0,18.016666666666666,0.07666666666666666,3.2567129223630333,0.0,1.0
64920.0,18.033333333333335,0.07666666666666666,3.2566216386299747,0.0,1.0
64980.0,18.05,0.07666666666666666,3.2565294287438062,0.0,1.0
65040.0,18.066666666666666,0.07666666666666666,3.256436284453536,0.0,1.0
65100.0,18.083333333333332,0.07666666666666666,3.2563421974853153,0.0,1.0
65160.0,18.1,0.07666666666666666,3.2562471595437694,0.0,1.0
65220.0,18.116666666666667,0.07666666666666666,3.2561511623133783,0.0,1.0
65280.0,18.133333333333333,0.07666666666666666,3.256054197459902,0.0,1.0
65340.0,18.15,0.07666666666666666,3.255956256631827,0.0,1.0
65400.0,18.166666666666668,0.07666666666666666,3.255857331461887,0.0,1.0
65460.0,18.183333333333334,0.07666666666666666,3.2557574135685914,0.0,1.0
65520.0,18.2,0.07666666666666666,3.2556564945578224,0.0,1.0
65580.0,18.216666666666665,0.07666666666666666,3.2555545660244656,0.0,1.0
65640.0,18.233333333333334,0.07666666666666666,3.2554516195540826,0.0,1.0
65700.0,18.25,0.07666666666666666,3.2553476467246303,0.0,1.0
65760.0,18.266666666666666,0.07666666666666666,3.255242639108227,0.0,1.0
65820.0,18.283333333333335,0.07666666666666666,3.2551365882729613,0.0,1.0
65880.0,18.3,0.07666666666666666,3.2550294857847457,0.0,1.0
65940.0,18.316666666666666,0.07666666666666666,3.254921323209219,0.0,1.0
66000.0,18.333333333333332,0.07666666666666666,3.2548120921136925,0.0,1.0
66060.0,18.35,0.07666666666666666,3.2547017840691455,0.0,1.0
66120.0,18.366666666666667,0.07666666666666666,3.254590390652264,0.0,1.0
66180.0,18.383333333333333,0.07666666666666666,3.254477903447533,0.0,1.0
66240.0,18.4,0.07666666666666666,3.254364314049367,0.0,1.0
66300.0,18.416666666666668,0.07666666666666666,3.254249614064301,0.0,1.0
66360.0,18.433333333333334,0.07666666666666666,3.254133795113216,0.0,1.0
66420.0,18.45,0.07666666666666666,3.2540168488336256,0.0,1.0
66480.0,18.466666666666665,0.07666666666666666,3.253898766882002,0.0,1.0
66540.0,18.483333333333334,0.07666666666666666,3.2537795409361556,0.0,1.0
66600.0,18.5,0.07666666666666666,3.2536591626976636,0.0,1.0
66660.0,18.516666666666666,0.07666666666666666,3.2535376238943434,0.0,1.0
66720.0,18.533333333333335,0.07666666666666666,3.2534149162827797,0.0,1.0
66780.0,18.55,0.07666666666666666,3.253291031650903,0.0,1.0
66840.0,18.566666666666666,0.07666666666666666,3.25316596182061,0.0,1.0
66900.0,18.583333333333332,0.07666666666666666,3.253039698650436,0.0,1.0
66960.0,18.6,0.07666666666666666,3.252912234038284,0.0,1.0
67020.0,18.616666666666667,0.07666666666666666,3.252783559924192,0.0,1.0
67080.0,18.633333333333333,0.07666666666666666,3.2526536682931555,0.0,1.0
67140.0,18.65,0.07666666666666666,3.2525225511780005,0.0,1.0
67200.0,18.666666666666668,0.07666666666666666,3.2523902006622993,0.0,1.0
67260.0,18.683333333333334,0.07666666666666666,3.2522566088833407,0.0,1.0
67320.0,18.7,0.07666666666666666,3.252121768035147,0.0,1.0
67380.0,18.716666666666665,0.07666666666666666,3.2519856703715346,0.0,1.0
67440.0,18.733333333333334,0.07666666666666666,3.251848308209232,0.0,1.0
67500.0,18.75,0.07666666666666666,3.251709673931033,0.0,1.0
67560.0,18.766666666666666,0.07666666666666666,3.2515697599890085,0.0,1.0
67620.0,18.783333333333335,0.07666666666666666,3.2514285589077563,0.0,1.0
67680.0,18.8,0.07666666666666666,3.2512860632876985,0.0,1.0
67740.0,18.816666666666666,0.07666666666666666,3.2511422658084297,0.0,1.0
67800.0,18.833333333333332,0.07666666666666666,3.2509971592321025,0.0,1.0
67860.0,18.85,0.07666666666666666,3.2508507364068615,0.0,1.0
67920.0,18.866666666666667,0.07666666666666666,3.2507029902703177,0.0,1.0
67980.0,18.883333333333333,0.07666666666666666,3.2505539138530684,0.0,1.0
68040.0,18.9,0.07666666666666666,3.250403500282258,0.0,1.0
68100.0,18.916666666666668,0.07666666666666666,3.250251742785176,0.0,1.0
68160.0,18.933333333333334,0.07666666666666666,3.250098634692901,0.0,1.0
68220.0,18.95,0.07666666666666666,3.249944169443978,0.0,1.0
68280.0,18.966666666666665,0.07666666666666666,3.249788340588135,0.0,1.0
68340.0,18.983333333333334,0.07666666666666666,3.24963114179004,0.0,1.0
68400.0,19.0,0.07666666666666666,3.249472566833086,0.0,1.0
68460.0,19.016666666666666,0.07666666666666666,3.24931260962322,0.0,1.0
68520.0,19.033333333333335,0.07666666666666666,3.2491512641927884,0.0,1.0
68580.0,19.05,0.07666666666666666,3.2489885247044414,0.0,1.0
68640.0,19.066666666666666,0.07666666666666666,3.248824385455035,0.0,1.0
68700.0,19.083333333333332,0.07666666666666666,3.248658840879584,0.0,1.0
68760.0,19.1,0.07666666666666666,3.2484918855552354,0.0,1.0
68820.0,19.116666666666667,0.07666666666666666,3.2483235142052664,0.0,1.0
68880.0,19.133333333333333,0.07666666666666666,3.2481537217031056,0.0,1.0
68940.0,19.15,0.07666666666666666,3.247982503076378,0.0,1.0
69000.0,19.166666666666668,0.07666666666666666,3.247809853510968,0.0,1.0
69060.0,19.183333333333334,0.07666666666666666,3.2476357683551034,0.0,1.0
69120.0,19.2,0.07666666666666666,3.2474602431234514,0.0,1.0
69180.0,19.216666666666665,0.07666666666666666,3.247283273501234,0.0,1.0
69240.0,19.233333333333334,0.07666666666666666,3.2471048553483506,0.0,1.0
69300.0,19.25,0.07666666666666666,3.2469249847035107,0.0,1.0
69360.0,19.266666666666666,0.07666666666666666,3.246743657788381,0.0,1.0
69420.0,19.283333333333335,0.07666666666666666,3.2465608710117286,0.0,1.0
69480.0,19.3,0.07666666666666666,3.2463766209735723,0.0,1.0
69540.0,19.316666666666666,0.07666666666666666,3.2461909044693376,0.0,1.0
69600.0,19.333333333333332,0.07666666666666666,3.2460037184939976,0.0,1.0
69660.0,19.35,0.07666666666666666,3.2458150602462257,0.0,1.0
69720.0,19.366666666666667,0.07666666666666666,3.2456249271325293,0.0,1.0
69780.0,19.383333333333333,0.07666666666666666,3.2454333167713783,0.0,1.0
69840.0,19.4,0.07666666666666666,3.2452402269973186,0.0,1.0
69900.0,19.416666666666668,0.07666666666666666,3.2450456558650735,0.0,1.0
69960.0,19.433333333333334,0.07666666666666666,3.2448496016536272,0.0,1.0
70020.0,19.45,0.07666666666666666,3.2446520628702804,0.0,1.0
70080.0,19.466666666666665,0.07666666666666666,3.244453038254689,0.0,1.0
70140.0,19.483333333333334,0.07666666666666666,3.2442525267828755,0.0,1.0
70200.0,19.5,0.07666666666666666,3.244050527671204,0.0,1.0
70260.0,19.516666666666666,0.07666666666666666,3.2438470403803263,0.0,1.0
70320.0,19.533333333333335,0.07666666666666666,3.243642064619093,0.0,1.0
70380.0,19.55,0.07666666666666666,3.243435600348419,0.0,1.0
70440.0,19.566666666666666,0.07666666666666666,3.2432276477851123,0.0,1.0
70500.0,19.583333333333332,0.07666666666666666,3.243018207405649,0.0,1.0
70560.0,19.6,0.07666666666666666,3.242807279949909,0.0,1.0
70620.0,19.616666666666667,0.07666666666666666,3.2425948664248443,0.0,1.0
70680.0,19.633333333333333,0.07666666666666666,3.2423809681081046,0.0,1.0
70740.0,19.65,0.07666666666666666,3.2421655865515935,0.0,1.0
70800.0,19.666666666666668,0.07666666666666666,3.2419487235849616,0.0,1.0
70860.0,19.683333333333334,0.07666666666666666,3.2417303813190395,0.0,1.0
70920.0,19.7,0.07666666666666666,3.2415105621491898,0.0,1.0
70980.0,19.716666666666665,0.07666666666666666,3.2412892687585924,0.0,1.0
71040.0,19.733333333333334,0.07666666666666666,3.241066504121451,0.0,1.0
71100.0,19.75,0.07666666666666666,3.240842271506108,0.0,1.0
71160.0,19.766666666666666,0.07666666666666666,3.2406165744780933,0.0,1.0
71220.0,19.783333333333335,0.07666666666666666,3.2403894169030636,0.0,1.0
71280.0,19.8,0.07666666666666666,3.2401608029496605,0.0,1.0
71340.0,19.816666666666666,0.07666666666666666,3.239930737092272,0.0,1.0
71400.0,19.833333333333332,0.07666666666666666,3.2396992241136933,0.0,1.0
71460.0,19.85,0.07666666666666666,3.239466269107679,0.0,1.0
71520.0,19.866666666666667,0.07666666666666666,3.2392318774813935,0.0,1.0
71580.0,19.883333333333333,0.07666666666666666,3.238996054957752,0.0,1.0
71640.0,19.9,0.07666666666666666,3.2387588075776415,0.0,1.0
71700.0,19.916666666666668,0.07666666666666666,3.238520141702028,0.0,1.0
71760.0,19.933333333333334,0.07666666666666666,3.238280064013943,0.0,1.0
71820.0,19.95,0.07666666666666666,3.2380385815203385,0.0,1.0
71880.0,19.966666666666665,0.07666666666666666,3.237795701553826,0.0,1.0
71940.0,19.983333333333334,0.07666666666666666,3.237551431774271,0.0,1.0
72000.0,20.0,0.07666666666666666,3.2373057801702574,0.0,1.0
72060.0,20.016666666666666,0.07666666666666666,3.237058755060422,0.0,1.0
72120.0,20.033333333333335,0.07666666666666666,3.236810365094629,0.0,1.0
72180.0,20.05,0.07666666666666666,3.2365606192550187,0.0,1.0
72240.0,20.066666666666666,0.07666666666666666,3.236309526856898,0.0,1.0
72300.0,20.083333333333332,0.07666666666666666,3.2360570975494807,0.0,1.0
72360.0,20.1,0.07666666666666666,3.2358033413164757,0.0,1.0
72420.0,20.116666666666667,0.07666666666666666,3.235548268476524,0.0,1.0
72480.0,20.133333333333333,0.07666666666666666,3.2352918896834635,0.0,1.0
72540.0,20.15,0.07666666666666666,3.235034215926447,0.0,1.0
72600.0,20.166666666666668,0.07666666666666666,3.234775258529882,0.0,1.0
72660.0,20.183333333333334,0.07666666666666666,3.2345150291532136,0.0,1.0
72720.0,20.2,0.07666666666666666,3.2342535397905334,0.0,1.0
72780.0,20.216666666666665,0.07666666666666666,3.2339908027700175,0.0,1.0
72840.0,20.233333333333334,0.07666666666666666,3.2337268307531906,0.0,1.0
72900.0,20.25,0.07666666666666666,3.233461636734015,0.0,1.0
72960.0,20.266666666666666,0.07666666666666666,3.2331952340378054,0.0,1.0
73020.0,20.283333333333335,0.07666666666666666,3.2329276363199564,0.0,1.0
73080.0,20.3,0.07666666666666666,3.2326588575644966,0.0,1.0
73140.0,20.316666666666666,0.07666666666666666,3.2323889120824587,0.0,1.0
73200.0,20.333333333333332,0.07666666666666666,3.2321178145100635,0.0,1.0
73260.0,20.35,0.07666666666666666,3.231845579806724,0.0,1.0
73320.0,20.366666666666667,0.07666666666666666,3.2315722232528574,0.0,1.0
73380.0,20.383333333333333,0.07666666666666666,3.231297760447519,0.0,1.0
73440.0,20.4,0.07666666666666666,3.231022207305837,0.0,1.0
73500.0,20.416666666666668,0.07666666666666666,3.2307455800562774,0.0,1.0
73560.0,20.433333333333334,0.07666666666666666,3.230467895237703,0.0,1.0
73620.0,20.45,0.07666666666666666,3.230189169696253,0.0,1.0
73680.0,20.466666666666665,0.07666666666666666,3.2299094205820342,0.0,1.0
73740.0,20.483333333333334,0.07666666666666666,3.2296286653456265,0.0,1.0
73800.0,20.5,0.07666666666666666,3.2293469217343924,0.0,1.0
73860.0,20.516666666666666,0.07666666666666666,3.2290642077886083,0.0,1.0
73920.0,20.533333333333335,0.07666666666666666,3.2287805418374056,0.0,1.0
73980.0,20.55,0.07666666666666666,3.228495942494525,0.0,1.0
74040.0,20.566666666666666,0.07666666666666666,3.2282104286538917,0.0,1.0
74100.0,20.583333333333332,0.07666666666666666,3.227924019485003,0.0,1.0
74160.0,20.6,0.07666666666666666,3.227636734428132,0.0,1.0
74220.0,20.616666666666667,0.07666666666666666,3.227348593189359,0.0,1.0
74280.0,20.633333333333333,0.07666666666666666,3.22705961573542,0.0,1.0
74340.0,20.65,0.07666666666666666,3.226769822288379,0.0,1.0
74400.0,20.666666666666668,0.07666666666666666,3.2264792333201253,0.0,1.0
74460.0,20.683333333333334,0.07666666666666666,3.2261878695467052,0.0,1.0
74520.0,20.7,0.07666666666666666,3.2258957519224745,0.0,1.0
74580.0,20.716666666666665,0.07666666666666666,3.2256029016340966,0.0,1.0
74640.0,20.733333333333334,0.07666666666666666,3.2253093400943693,0.0,1.0
74700.0,20.75,0.07666666666666666,3.22501508893589,0.0,1.0
74760.0,20.766666666666666,0.07666666666666666,3.2247201700045736,0.0,1.0
74820.0,20.783333333333335,0.07666666666666666,3.224424605353005,0.0,1.0
74880.0,20.8,0.07666666666666666,3.224128417233651,0.0,1.0
74940.0,20.816666666666666,0.07666666666666666,3.2238316280919213,0.0,1.0
75000.0,20.833333333333332,0.07666666666666666,3.223534260559088,0.0,1.0
75060.0,20.85,0.07666666666666666,3.223236337445067,0.0,1.0
75120.0,20.866666666666667,0.07666666666666666,3.22293788173107,0.0,1.0
75180.0,20.883333333333333,0.07666666666666666,3.2226389165621168,0.0,1.0
75240.0,20.9,0.07666666666666666,3.2223394652394353,0.0,1.0
75300.0,20.916666666666668,0.07666666666666666,3.2220395512127307,0.0,1.0
75360.0,20.933333333333334,0.07666666666666666,3.221739198072347,0.0,1.0
75420.0,20.95,0.07666666666666666,3.221438429541313,0.0,1.0
75480.0,20.966666666666665,0.07666666666666666,3.221137269467287,0.0,1.0
75540.0,20.983333333333334,0.07666666666666666,3.220835741814399,0.0,1.0
75600.0,21.0,0.07666666666666666,3.220533870654996,0.0,1.0
75660.0,21.016666666666666,0.07666666666666666,3.2202316801613065,0.0,1.0
75720.0,21.033333333333335,0.07666666666666666,3.219929194597011,0.0,1.0
75780.0,21.05,0.07666666666666666,3.2196264383087403,0.0,1.0
75840.0,21.066666666666666,0.07666666666666666,3.2193234357175005,0.0,1.0
75900.0,21.083333333333332,0.07666666666666666,3.219020211310031,0.0,1.0
75960.0,21.1,0.07666666666666666,3.218716789630099,0.0,1.0
76020.0,21.116666666666667,0.07666666666666666,3.218413195269748,0.0,1.0
76080.0,21.133333333333333,0.07666666666666666,3.218109452860482,0.0,1.0
76140.0,21.15,0.07666666666666666,3.2178055870644258,0.0,1.0
76200.0,21.166666666666668,0.07666666666666666,3.217501622565432,0.0,1.0
76260.0,21.183333333333334,0.07666666666666666,3.217197584060166,0.0,1.0
76320.0,21.2,0.07666666666666666,3.2168934962491686,0.0,1.0
76380.0,21.216666666666665,0.07666666666666666,3.2165893838278885,0.0,1.0
76440.0,21.233333333333334,0.07666666666666666,3.2162852714777177,0.0,1.0
76500.0,21.25,0.07666666666666666,3.21598118385701,0.0,1.0
76560.0,21.266666666666666,0.07666666666666666,3.215677145592104,0.0,1.0
76620.0,21.283333333333335,0.07666666666666666,3.215373181268355,0.0,1.0
76680.0,21.3,0.07666666666666666,3.2150693154211667,0.0,1.0
76740.0,21.316666666666666,0.07666666666666666,3.2147655725270616,0.0,1.0
76800.0,21.333333333333332,0.07666666666666666,3.214461976994758,0.0,1.0
76860.0,21.35,0.07666666666666666,3.2141585531562877,0.0,1.0
76920.0,21.366666666666667,0.07666666666666666,3.213855325258146,0.0,1.0
76980.0,21.383333333333333,0.07666666666666666,3.2135523174524856,0.0,1.0
77040.0,21.4,0.07666666666666666,3.2132495537883567,0.0,1.0
77100.0,21.416666666666668,0.07666666666666666,3.2129470582030066,0.0,1.0
77160.0,21.433333333333334,0.07666666666666666,3.212644854513231,0.0,1.0
77220.0,21.45,0.07666666666666666,3.212342966406796,0.0,1.0
77280.0,21.466666666666665,0.07666666666666666,3.212041417433931,0.0,1.0
77340.0,21.483333333333334,0.07666666666666666,3.211740230998893,0.0,1.0
77400.0,21.5,0.07666666666666666,3.211439430351621,0.0,1.0
77460.0,21.516666666666666,0.07666666666666666,3.211139038579463,0.0,1.0
77520.0,21.533333333333335,0.07666666666666666,3.210839078599008,0.0,1.0
77580.0,21.55,0.07666666666666666,3.210539573148011,0.0,1.0
77640.0,21.566666666666666,0.07666666666666666,3.2102405447774096,0.0,1.0
77700.0,21.583333333333332,0.07666666666666666,3.209942015843463,0.0,1.0
77760.0,21.6,0.07666666666666666,3.209644008499984,0.0,1.0
77820.0,21.616666666666667,0.07666666666666666,3.209346544690697,0.0,1.0
77880.0,21.633333333333333,0.07666666666666666,3.209049646141714,0.0,1.0
77940.0,21.65,0.07666666666666666,3.2087533343541232,0.0,1.0
78000.0,21.666666666666668,0.07666666666666666,3.2084576305967176,0.0,1.0
78060.0,21.683333333333334,0.07666666666666666,3.2081625558988436,0.0,1.0
78120.0,21.7,0.07666666666666666,3.207868131043387,0.0,1.0
78180.0,21.716666666666665,0.07666666666666666,3.2075743765598967,0.0,1.0
78240.0,21.733333333333334,0.07666666666666666,3.207281312717845,0.0,1.0
78300.0,21.75,0.07666666666666666,3.206988959520036,0.0,1.0
78360.0,21.766666666666666,0.07666666666666666,3.2066973366961506,0.0,1.0
78420.0,21.783333333333335,0.07666666666666666,3.2064064636964518,0.0,1.0
78480.0,21.8,0.07666666666666666,3.206116359685628,0.0,1.0
78540.0,21.816666666666666,0.07666666666666666,3.2058270435368006,0.0,1.0
78600.0,21.833333333333332,0.07666666666666666,3.2055385338256737,0.0,1.0
78660.0,21.85,0.07666666666666666,3.2052508488248534,0.0,1.0
78720.0,21.866666666666667,0.07666666666666666,3.2049640064983116,0.0,1.0
78780.0,21.883333333333333,0.07666666666666666,3.2046780244960247,0.0,1.0
78840.0,21.9,0.07666666666666666,3.2043929201487518,0.0,1.0
78900.0,21.916666666666668,0.07666666666666666,3.2041087104629984,0.0,1.0
78960.0,21.933333333333334,0.07666666666666666,3.2038254121161223,0.0,1.0
79020.0,21.95,0.07666666666666666,3.203543041451614,0.0,1.0
79080.0,21.966666666666665,0.07666666666666666,3.2032616144745334,0.0,1.0
79140.0,21.983333333333334,0.07666666666666666,3.202981146847116,0.0,1.0
79200.0,22.0,0.07666666666666666,3.2027016538845383,0.0,1.0
79260.0,22.016666666666666,0.07666666666666666,3.202423150550844,0.0,1.0
79320.0,22.033333333333335,0.07666666666666666,3.2021456514550417,0.0,1.0
79380.0,22.05,0.07666666666666666,3.2018691708473543,0.0,1.0
79440.0,22.066666666666666,0.07666666666666666,3.201593722615636,0.0,1.0
79500.0,22.083333333333332,0.07666666666666666,3.2013193202819514,0.0,1.0
79560.0,22.1,0.07666666666666666,3.201045976999305,0.0,1.0
79620.0,22.116666666666667,0.07666666666666666,3.200773705548539,0.0,1.0
79680.0,22.133333333333333,0.07666666666666666,3.2005025183353797,0.0,1.0
79740.0,22.15,0.07666666666666666,3.2002324273876455,0.0,1.0
79800.0,22.166666666666668,0.07666666666666666,3.1999634443525986,0.0,1.0
79860.0,22.183333333333334,0.07666666666666666,3.1996955804944585,0.0,1.0
79920.0,22.2,0.07666666666666666,3.1994288466920544,0.0,1.0
79980.0,22.216666666666665,0.07666666666666666,3.199163253436631,0.0,1.0
80040.0,22.233333333333334,0.07666666666666666,3.198898810829798,0.0,1.0
80100.0,22.25,0.07666666666666666,3.19863552858161,0.0,1.0
80160.0,22.266666666666666,0.07666666666666666,3.1983734160088018,0.0,1.0
80220.0,22.283333333333335,0.07666666666666666,3.1981124820331486,0.0,1.0
80280.0,22.3,0.07666666666666666,3.197852735179957,0.0,1.0
80340.0,22.316666666666666,0.07666666666666666,3.197594183576694,0.0,1.0
80400.0,22.333333333333332,0.07666666666666666,3.197336834951733,0.0,1.0
80460.0,22.35,0.07666666666666666,3.197080696633232,0.0,1.0
80520.0,22.366666666666667,0.07666666666666666,3.1968257755481178,0.0,1.0
80580.0,22.383333333333333,0.07666666666666666,3.196572078221198,0.0,1.0
80640.0,22.4,0.07666666666666666,3.1963196107743777,0.0,1.0
80700.0,22.416666666666668,0.07666666666666666,3.196068378925982,0.0,1.0
80760.0,22.433333333333334,0.07666666666666666,3.195818387990192,0.0,1.0
80820.0,22.45,0.07666666666666666,3.195569642876563,0.0,1.0
80880.0,22.466666666666665,0.07666666666666666,3.195322148089659,0.0,1.0
80940.0,22.483333333333334,0.07666666666666666,3.1950759077287576,0.0,1.0
81000.0,22.5,0.07666666666666666,3.194830925487656,0.0,1.0
81060.0,22.516666666666666,0.07666666666666666,3.194587204654552,0.0,1.0
81120.0,22.533333333333335,0.07666666666666666,3.194344748112003,0.0,1.0
81180.0,22.55,0.07666666666666666,3.1941035583369635,0.0,1.0
81240.0,22.566666666666666,0.07666666666666666,3.1938636374008764,0.0,1.0
81300.0,22.583333333333332,0.07666666666666666,3.1936249869698483,0.0,1.0
81360.0,22.6,0.07666666666666666,3.193387608304865,0.0,1.0
81420.0,22.616666666666667,0.07666666666666666,3.19315150226207,0.0,1.0
81480.0,22.633333333333333,0.07666666666666666,3.19291666929309,0.0,1.0
81540.0,22.65,0.07666666666666666,3.192683109445404,0.0,1.0
81600.0,22.666666666666668,0.07666666666666666,3.192450822362751,0.0,1.0
81660.0,22.683333333333334,0.07666666666666666,3.1922198072855688,0.0,1.0
81720.0,22.7,0.07666666666666666,3.1919900630514695,0.0,1.0
81780.0,22.716666666666665,0.07666666666666666,3.1917615880957304,0.0,1.0
81840.0,22.733333333333334,0.07666666666666666,3.191534380451805,0.0,1.0
81900.0,22.75,0.07666666666666666,3.1913084377518484,0.0,1.0
81960.0,22.766666666666666,0.07666666666666666,3.191083757227255,0.0,1.0
82020.0,22.783333333333335,0.07666666666666666,3.19086033570919,0.0,1.0
82080.0,22.8,0.07666666666666666,3.1906381696291235,0.0,1.0
82140.0,22.816666666666666,0.07666666666666666,3.1904172550193595,0.0,1.0
82200.0,22.833333333333332,0.07666666666666666,3.1901975875135453,0.0,1.0
82260.0,22.85,0.07666666666666666,3.1899791623471723,0.0,1.0
82320.0,22.866666666666667,0.07666666666666666,3.189761974358041,0.0,1.0
82380.0,22.883333333333333,0.07666666666666666,3.1895460179867094,0.0,1.0
82440.0,22.9,0.07666666666666666,3.1893312872768966,0.0,1.0
82500.0,22.916666666666668,0.07666666666666666,3.1891177758758573,0.0,1.0
82560.0,22.933333333333334,0.07666666666666666,3.188905477034703,0.0,1.0
82620.0,22.95,0.07666666666666666,3.1886943836086807,0.0,1.0
82680.0,22.966666666666665,0.07666666666666666,3.1884844880573904,0.0,1.0
82740.0,22.983333333333334,0.07666666666666666,3.1882757824449452,0.0,1.0
82800.0,23.0,0.07666666666666666,3.188068258440067,0.0,1.0
82860.0,23.016666666666666,0.07666666666666666,3.187861907316107,0.0,1.0
82920.0,23.033333333333335,0.07666666666666666,3.187656719950995,0.0,1.0
82980.0,23.05,0.07666666666666666,3.187452686827106,0.0,1.0
83040.0,23.066666666666666,0.07666666666666666,3.187249798031038,0.0,1.0
83100.0,23.083333333333332,0.07666666666666666,3.1870480432533,0.0,1.0
83160.0,23.1,0.07666666666666666,3.186847411787905,0.0,1.0
83220.0,23.116666666666667,0.07666666666666666,3.186647892531854,0.0,1.0
83280.0,23.133333333333333,0.07666666666666666,3.1864494739845246,0.0,1.0
83340.0,23.15,0.07666666666666666,3.186252144246937,0.0,1.0
83400.0,23.166666666666668,0.07666666666666666,3.186055891020905,0.0,1.0
83460.0,23.183333333333334,0.07666666666666666,3.1858607016080693,0.0,1.0
83520.0,23.2,0.07666666666666666,3.185666562908798,0.0,1.0
83580.0,23.216666666666665,0.07666666666666666,3.185473461420957,0.0,1.0
83640.0,23.233333333333334,0.07666666666666666,3.1852813832385425,0.0,1.0
83700.0,23.25,0.07666666666666666,3.1850903140501727,0.0,1.0
83760.0,23.266666666666666,0.07666666666666666,3.184900239137428,0.0,1.0
83820.0,23.283333333333335,0.07666666666666666,3.184711143373042,0.0,1.0
83880.0,23.3,0.07666666666666666,3.184523011218937,0.0,1.0
83940.0,23.316666666666666,0.07666666666666666,3.184335826724091,0.0,1.0
84000.0,23.333333333333332,0.07666666666666666,3.184149573522246,0.0,1.0
84060.0,23.35,0.07666666666666666,3.1839642348294346,0.0,1.0
84120.0,23.366666666666667,0.07666666666666666,3.183779793441342,0.0,1.0
84180.0,23.383333333333333,0.07666666666666666,3.1835962317304727,0.0,1.0
84240.0,23.4,0.07666666666666666,3.183413531643144,0.0,1.0
84300.0,23.416666666666668,0.07666666666666666,3.1832316746962785,0.0,1.0
84360.0,23.433333333333334,0.07666666666666666,3.183050641974008,0.0,1.0
84420.0,23.45,0.07666666666666666,3.182870414124073,0.0,1.0
84480.0,23.466666666666665,0.07666666666666666,3.182690971354018,0.0,1.0
84540.0,23.483333333333334,0.07666666666666666,3.1825122934271777,0.0,1.0
84600.0,23.5,0.07666666666666666,3.1823343596584492,0.0,1.0
84660.0,23.516666666666666,0.07666666666666666,3.182157148909847,0.0,1.0
84720.0,23.533333333333335,0.07666666666666666,3.181980639585829,0.0,1.0
84780.0,23.55,0.07666666666666666,3.1818048096284013,0.0,1.0
84840.0,23.566666666666666,0.07666666666666666,3.1816296365119903,0.0,1.0
84900.0,23.583333333333332,0.07666666666666666,3.1814550972380733,0.0,1.0
84960.0,23.6,0.07666666666666666,3.181281168329574,0.0,1.0
85020.0,23.616666666666667,0.07666666666666666,3.1811078258250065,0.0,1.0
85080.0,23.633333333333333,0.07666666666666666,3.18093504527238,0.0,1.0
85140.0,23.65,0.07666666666666666,3.1807628017228384,0.0,1.0
85200.0,23.666666666666668,0.07666666666666666,3.180591069724051,0.0,1.0
85260.0,23.683333333333334,0.07666666666666666,3.1804198233133363,0.0,1.0
85320.0,23.7,0.07666666666666666,3.1802490360105238,0.0,1.0
85380.0,23.716666666666665,0.07666666666666666,3.1800786808105417,0.0,1.0
85440.0,23.733333333333334,0.07666666666666666,3.1799087301757383,0.0,1.0
85500.0,23.75,0.07666666666666666,3.1797391560279173,0.0,1.0
85560.0,23.766666666666666,0.07666666666666666,3.1795699297400972,0.0,1.0
85620.0,23.783333333333335,0.07666666666666666,3.1794010221279874,0.0,1.0
85680.0,23.8,0.07666666666666666,3.179232403441172,0.0,1.0
85740.0,23.816666666666666,0.07666666666666666,3.1790640433540065,0.0,1.0
85800.0,23.833333333333332,0.07666666666666666,3.178895910956215,0.0,1.0
85860.0,23.85,0.07666666666666666,3.178727974743194,0.0,1.0
85920.0,23.866666666666667,0.07666666666666666,3.178560202606014,0.0,1.0
85980.0,23.883333333333333,0.07666666666666666,3.17839256182111,0.0,1.0
86040.0,23.9,0.07666666666666666,3.178225019039686,0.0,1.0
86100.0,23.916666666666668,0.07666666666666666,3.1780575402767783,0.0,1.0
86160.0,23.933333333333334,0.07666666666666666,3.1778900909000405,0.0,1.0
86220.0,23.95,0.07666666666666666,3.1777226356181902,0.0,1.0
86280.0,23.966666666666665,0.07666666666666666,3.1775551384691503,0.0,1.0
86340.0,23.983333333333334,0.07666666666666666,3.1773875628078763,0.0,1.0
86400.0,24.0,0.07666666666666666,3.1772198712938517,0.0,1.0
86460.0,24.016666666666666,0.07666666666666666,3.1770520258782757,0.0,1.0
86520.0,24.033333333333335,0.07666666666666666,3.1768839877909194,0.0,1.0
86580.0,24.05,0.07666666666666666,3.1767157175266685,0.0,1.0
86640.0,24.066666666666666,0.07666666666666666,3.1765471748317315,0.0,1.0
86700.0,24.083333333333332,0.07666666666666666,3.1763783186895362,0.0,1.0
86760.0,24.1,0.07666666666666666,3.1762091073062915,0.0,1.0
86820.0,24.116666666666667,0.07666666666666666,3.1760394980962396,0.0,1.0
86880.0,24.133333333333333,0.07666666666666666,3.1758694476665696,0.0,1.0
86940.0,24.15,0.07666666666666666,3.175698911802025,0.0,1.0
87000.0,24.166666666666668,0.07666666666666666,3.1755278454491833,0.0,1.0
87060.0,24.183333333333334,0.07666666666666666,3.1753562027004207,0.0,1.0
87120.0,24.2,0.07666666666666666,3.1751839367775636,0.0,1.0
87180.0,24.216666666666665,0.07666666666666666,3.1750110000152247,0.0,1.0
87240.0,24.233333333333334,0.07666666666666666,3.174837343843835,0.0,1.0
87300.0,24.25,0.07666666666666666,3.174662918772367,0.0,1.0
87360.0,24.266666666666666,0.07666666666666666,3.174487674370765,0.0,1.0
87420.0,24.283333333333335,0.07666666666666666,3.1743115592520734,0.0,1.0
87480.0,24.3,0.07666666666666666,3.1741345210542873,0.0,1.0
87540.0,24.316666666666666,0.07666666666666666,3.1739565064219097,0.0,1.0
87600.0,24.333333333333332,0.07666666666666666,3.1737774609872447,0.0,1.0
87660.0,24.35,0.07666666666666666,3.173597329351423,0.0,1.0
87720.0,24.366666666666667,0.07666666666666666,3.1734160550651658,0.0,1.0
87780.0,24.383333333333333,0.07666666666666666,3.1732335806093097,0.0,1.0
87840.0,24.4,0.07666666666666666,3.173049847375089,0.0,1.0
87900.0,24.416666666666668,0.07666666666666666,3.172864795644198,0.0,1.0
87960.0,24.433333333333334,0.07666666666666666,3.172678364568647,0.0,1.0
88020.0,24.45,0.07666666666666666,3.1724904921504065,0.0,1.0
88080.0,24.466666666666665,0.07666666666666666,3.172301115220886,0.0,1.0
88140.0,24.483333333333334,0.07666666666666666,3.172110169420238,0.0,1.0
88200.0,24.5,0.07666666666666666,3.1719175891765086,0.0,1.0
88260.0,24.516666666666666,0.07666666666666666,3.1717233076846725,0.0,1.0
88320.0,24.533333333333335,0.07666666666666666,3.1715272568855446,0.0,1.0
88380.0,24.55,0.07666666666666666,3.1713293674446117,0.0,1.0
88440.0,24.566666666666666,0.07666666666666666,3.171129568730789,0.0,1.0
88500.0,24.583333333333332,0.07666666666666666,3.170927788795149,0.0,1.0
88560.0,24.6,0.07666666666666666,3.1707239543496226,0.0,1.0
88620.0,24.616666666666667,0.07666666666666666,3.170517990745719,0.0,1.0
88680.0,24.633333333333333,0.07666666666666666,3.170309821953288,0.0,1.0
88740.0,24.65,0.07666666666666666,3.17009937053935,0.0,1.0
88800.0,24.666666666666668,0.07666666666666666,3.1698865576470383,0.0,1.0
88860.0,24.683333333333334,0.07666666666666666,3.1696713029746824,0.0,1.0
88920.0,24.7,0.07666666666666666,3.1694535247550637,0.0,1.0
88980.0,24.716666666666665,0.07666666666666666,3.169233139734895,0.0,1.0
89040.0,24.733333333333334,0.07666666666666666,3.169010063154558,0.0,1.0
89100.0,24.75,0.07666666666666666,3.168784208728142,0.0,1.0
89160.0,24.766666666666666,0.07666666666666666,3.168555488623832,0.0,1.0
89220.0,24.783333333333335,0.07666666666666666,3.1683238134446943,0.0,1.0
89280.0,24.8,0.07666666666666666,3.1680890922099096,0.0,1.0
89340.0,24.816666666666666,0.07666666666666666,3.1678512323365124,0.0,1.0
89400.0,24.833333333333332,0.07666666666666666,3.1676101396216776,0.0,1.0
89460.0,24.85,0.07666666666666666,3.1673657182256374,0.0,1.0
89520.0,24.866666666666667,0.07666666666666666,3.167117870655267,0.0,1.0
89580.0,24.883333333333333,0.07666666666666666,3.166866497748417,0.0,1.0
89640.0,24.9,0.07666666666666666,3.1666114986590572,0.0,1.0
89700.0,24.916666666666668,0.07666666666666666,3.1663527708432992,0.0,1.0
89760.0,24.933333333333334,0.07666666666666666,3.1660902100463764,0.0,1.0
89820.0,24.95,0.07666666666666666,3.1658237102906557,0.0,1.0
89880.0,24.966666666666665,0.07666666666666666,3.1655531638647587,0.0,1.0
89940.0,24.983333333333334,0.07666666666666666,3.165278461313884,0.0,1.0
90000.0,25.0,0.07666666666666666,3.164999491431398,0.0,1.0
90060.0,25.016666666666666,0.07666666666666666,3.1647161412518154,0.0,1.0
90120.0,25.033333333333335,0.07666666666666666,3.1644282960452323,0.0,1.0
90180.0,25.05,0.07666666666666666,3.1641358393133223,0.0,1.0
90240.0,25.066666666666666,0.07666666666666666,3.1638386527870006,0.0,1.0
90300.0,25.083333333333332,0.07666666666666666,3.163536616425847,0.0,1.0
90360.0,25.1,0.07666666666666666,3.1632296084194036,0.0,1.0
90420.0,25.116666666666667,0.07666666666666666,3.162917505190459,0.0,1.0
90480.0,25.133333333333333,0.07666666666666666,3.162600181400425,0.0,1.0
90540.0,25.15,0.07666666666666666,3.16227750995693,0.0,1.0
90600.0,25.166666666666668,0.07666666666666666,3.1619493620237415,0.0,1.0
90660.0,25.183333333333334,0.07666666666666666,3.1616156070331605,0.0,1.0
90720.0,25.2,0.07666666666666666,3.161276112700982,0.0,1.0
90780.0,25.216666666666665,0.07666666666666666,3.1609307450441877,0.0,1.0
90840.0,25.233333333333334,0.07666666666666666,3.1605793684014754,0.0,1.0
90900.0,25.25,0.07666666666666666,3.16022184545678,0.0,1.0
90960.0,25.266666666666666,0.07666666666666666,3.1598580372659066,0.0,1.0
91020.0,25.283333333333335,0.07666666666666666,3.159487803286436,0.0,1.0
91080.0,25.3,0.07666666666666666,3.1591110014110266,0.0,1.0
91140.0,25.316666666666666,0.07666666666666666,3.158727488004271,0.0,1.0
91200.0,25.333333333333332,0.07666666666666666,3.1583371179432422,0.0,1.0
91260.0,25.35,0.07666666666666666,3.157939744661891,0.0,1.0
91320.0,25.366666666666667,0.07666666666666666,3.1575352201994304,0.0,1.0
91380.0,25.383333333333333,0.07666666666666666,3.1571233952528535,0.0,1.0
91440.0,25.4,0.07666666666666666,3.1567041192337584,0.0,1.0
91500.0,25.416666666666668,0.07666666666666666,3.1562772403295956,0.0,1.0
91560.0,25.433333333333334,0.07666666666666666,3.155842605569514,0.0,1.0
91620.0,25.45,0.07666666666666666,3.155400060894935,0.0,1.0
91680.0,25.466666666666665,0.07666666666666666,3.154949451235012,0.0,1.0
91740.0,25.483333333333334,0.07666666666666666,3.154490620587107,0.0,1.0
91800.0,25.5,0.07666666666666666,3.1540234121024397,0.0,1.0
91860.0,25.516666666666666,0.07666666666666666,3.153547668177024,0.0,1.0
91920.0,25.533333333333335,0.07666666666666666,3.1530632305480477,0.0,1.0
91980.0,25.55,0.07666666666666666,3.1525699403958054,0.0,1.0
92040.0,25.566666666666666,0.07666666666666666,3.152067638451305,0.0,1.0
92100.0,25.583333333333332,0.07666666666666666,3.1515561651096786,0.0,1.0
92160.0,25.6,0.07666666666666666,3.1510353605494825,0.0,1.0
92220.0,25.616666666666667,0.07666666666666666,3.150505064857998,0.0,1.0
92280.0,25.633333333333333,0.07666666666666666,3.1499651181626156,0.0,1.0
92340.0,25.65,0.07666666666666666,3.14941536076838,0.0,1.0
92400.0,25.666666666666668,0.07666666666666666,3.1488556333017637,0.0,1.0
92460.0,25.683333333333334,0.07666666666666666,3.148285776860714,0.0,1.0
92520.0,25.7,0.07666666666666666,3.1477056331710287,0.0,1.0
92580.0,25.716666666666665,0.07666666666666666,3.14711504474906,0.0,1.0
92640.0,25.733333333333334,0.07666666666666666,3.146513855070778,0.0,1.0
92700.0,25.75,0.07666666666666666,3.1459019087471645,0.0,1.0
92760.0,25.766666666666666,0.07666666666666666,3.145279051705925,0.0,1.0
92820.0,25.783333333333335,0.07666666666666666,3.1446451313794515,0.0,1.0
92880.0,25.8,0.07666666666666666,3.1439999968989785,0.0,1.0
92940.0,25.816666666666666,0.07666666666666666,3.143343499294847,0.0,1.0
93000.0,25.833333333333332,0.07666666666666666,3.1426754917027306,0.0,1.0
93060.0,25.85,0.07666666666666666,3.1419958295757233,0.0,1.0
93120.0,25.866666666666667,0.07666666666666666,3.141304370902085,0.0,1.0
93180.0,25.883333333333333,0.07666666666666666,3.140600976428474,0.0,1.0
93240.0,25.9,0.07666666666666666,3.139885509888436,0.0,1.0
93300.0,25.916666666666668,0.07666666666666666,3.1391578382358953,0.0,1.0
93360.0,25.933333333333334,0.07666666666666666,3.138417831883366,0.0,1.0
93420.0,25.95,0.07666666666666666,3.137665364944578,0.0,1.0
93480.0,25.966666666666665,0.07666666666666666,3.1369003154811574,0.0,1.0
93540.0,25.983333333333334,0.07666666666666666,3.13612256575299,0.0,1.0
93600.0,26.0,0.07666666666666666,3.1353320024718645,0.0,1.0
93660.0,26.016666666666666,0.07666666666666666,3.134528517057921,0.0,1.0
93720.0,26.033333333333335,0.07666666666666666,3.1337120058984533,0.0,1.0
93780.0,26.05,0.07666666666666666,3.1328823706085345,0.0,1.0
93840.0,26.066666666666666,0.07666666666666666,3.132039518292907,0.0,1.0
93900.0,26.083333333333332,0.07666666666666666,3.1311833618085716,0.0,1.0
93960.0,26.1,0.07666666666666666,3.1303138200274296,0.0,1.0
94020.0,26.116666666666667,0.07666666666666666,3.1294308180983474,0.0,1.0
94080.0,26.133333333333333,0.07666666666666666,3.128534287707939,0.0,1.0
94140.0,26.15,0.07666666666666666,3.127624167339349,0.0,1.0
94200.0,26.166666666666668,0.07666666666666666,3.1267004025282907,0.0,1.0
94260.0,26.183333333333334,0.07666666666666666,3.1257629461155503,0.0,1.0
94320.0,26.2,0.07666666666666666,3.1248117584951483,0.0,1.0
94380.0,26.216666666666665,0.07666666666666666,3.1238468078573236,0.0,1.0
94440.0,26.233333333333334,0.07666666666666666,3.1228680704254757,0.0,1.0
94500.0,26.25,0.07666666666666666,3.1218755306861894,0.0,1.0
94560.0,26.266666666666666,0.07666666666666666,3.1208691816114325,0.0,1.0
94620.0,26.283333333333335,0.07666666666666666,3.119849024872003,0.0,1.0
94680.0,26.3,0.07666666666666666,3.1188150710413174,0.0,1.0
94740.0,26.316666666666666,0.07666666666666666,3.1177673397885655,0.0,1.0
94800.0,26.333333333333332,0.07666666666666666,3.1167058600603212,0.0,1.0
94860.0,26.35,0.07666666666666666,3.115630670249627,0.0,1.0
94920.0,26.366666666666667,0.07666666666666666,3.1145418183516353,0.0,1.0
94980.0,26.383333333333333,0.07666666666666666,3.1134393621048404,0.0,1.0
95040.0,26.4,0.07666666666666666,3.1123233691169996,0.0,1.0
95100.0,26.416666666666668,0.07666666666666666,3.111193916974808,0.0,1.0
95160.0,26.433333333333334,0.07666666666666666,3.110051093336451,0.0,1.0
95220.0,26.45,0.07666666666666666,3.108894996006166,0.0,1.0
95280.0,26.466666666666665,0.07666666666666666,3.10772573298998,0.0,1.0
95340.0,26.483333333333334,0.07666666666666666,3.106543422531827,0.0,1.0
95400.0,26.5,0.07666666666666666,3.105348193129289,0.0,1.0
95460.0,26.516666666666666,0.07666666666666666,3.104140183528256,0.0,1.0
95520.0,26.533333333333335,0.07666666666666666,3.1029195426958496,0.0,1.0
95580.0,26.55,0.07666666666666666,3.1016864297710116,0.0,1.0
95640.0,26.566666666666666,0.07666666666666666,3.100441013992223,0.0,1.0
95700.0,26.583333333333332,0.07666666666666666,3.099183474601884,0.0,1.0
95760.0,26.6,0.07666666666666666,3.0979140007269637,0.0,1.0
95820.0,26.616666666666667,0.07666666666666666,3.096632791235598,0.0,1.0
95880.0,26.633333333333333,0.07666666666666666,3.095340054569398,0.0,1.0
95940.0,26.65,0.07666666666666666,3.0940360085513054,0.0,1.0
96000.0,26.666666666666668,0.07666666666666666,3.092720880168946,0.0,1.0
96060.0,26.683333333333334,0.07666666666666666,3.0913949053334857,0.0,1.0
96120.0,26.7,0.07666666666666666,3.090058328614115,0.0,1.0
96180.0,26.716666666666665,0.07666666666666666,3.088711402948374,0.0,1.0
96240.0,26.733333333333334,0.07666666666666666,3.0873543893286213,0.0,1.0
96300.0,26.75,0.07666666666666666,3.0859875564650467,0.0,1.0
96360.0,26.766666666666666,0.07666666666666666,3.0846111804257452,0.0,1.0
96420.0,26.783333333333335,0.07666666666666666,3.0832255442544363,0.0,1.0
96480.0,26.8,0.07666666666666666,3.0818309375665303,0.0,1.0
96540.0,26.816666666666666,0.07666666666666666,3.080427656124334,0.0,1.0
96600.0,26.833333333333332,0.07666666666666666,3.079016001392275,0.0,1.0
96660.0,26.85,0.07666666666666666,3.0775962800731236,0.0,1.0
96720.0,26.866666666666667,0.07666666666666666,3.0761688036262673,0.0,1.0
96780.0,26.883333333333333,0.07666666666666666,3.07473388776918,0.0,1.0
96840.0,26.9,0.07666666666666666,3.0732918519633134,0.0,1.0
96900.0,26.916666666666668,0.07666666666666666,3.0718430188857,0.0,1.0
96960.0,26.933333333333334,0.07666666666666666,3.070387713887622,0.0,1.0
97020.0,26.95,0.07666666666666666,3.068926264441782,0.0,1.0
97080.0,26.966666666666665,0.07666666666666666,3.067458999579447,0.0,1.0
97140.0,26.983333333333334,0.07666666666666666,3.0659862493190775,0.0,1.0
97200.0,27.0,0.07666666666666666,3.0645083440880287,0.0,1.0
97260.0,27.016666666666666,0.07666666666666666,3.063025614138906,0.0,1.0
97320.0,27.033333333333335,0.07666666666666666,3.061538388962196,0.0,1.0
97380.0,27.05,0.07666666666666666,3.0600469966968196,0.0,1.0
97440.0,27.066666666666666,0.07666666666666666,3.058551763540249,0.0,1.0
97500.0,27.083333333333332,0.07666666666666666,3.057053013159835,0.0,1.0
97560.0,27.1,0.07666666666666666,3.0555510661069825,0.0,1.0
97620.0,27.116666666666667,0.07666666666666666,3.054046239235796,0.0,1.0
97680.0,27.133333333333333,0.07666666666666666,3.0525388451278026,0.0,1.0
97740.0,27.15,0.07666666666666666,3.0510291915242878,0.0,1.0
97800.0,27.166666666666668,0.07666666666666666,3.0495175807678088,0.0,1.0
97860.0,27.183333333333334,0.07666666666666666,3.0480043092543303,0.0,1.0
97920.0,27.2,0.07666666666666666,3.046489666897417,0.0,1.0
97980.0,27.216666666666665,0.07666666666666666,3.0449739366058433,0.0,1.0
98040.0,27.233333333333334,0.07666666666666666,3.0434573937759093,0.0,1.0
98100.0,27.25,0.07666666666666666,3.0419403057996957,0.0,1.0
98160.0,27.266666666666666,0.07666666666666666,3.040422931590379,0.0,1.0
98220.0,27.283333333333335,0.07666666666666666,3.038905521125682,0.0,1.0
98280.0,27.3,0.07666666666666666,3.0373883150104337,0.0,1.0
98340.0,27.316666666666666,0.07666666666666666,3.0358715440591055,0.0,1.0
98400.0,27.333333333333332,0.07666666666666666,3.0343554288991306,0.0,1.0
98460.0,27.35,0.07666666666666666,3.032840179595689,0.0,1.0
98520.0,27.366666666666667,0.07666666666666666,3.031325995298561,0.0,1.0
98580.0,27.383333333333333,0.07666666666666666,3.0298130639115484,0.0,1.0
98640.0,27.4,0.07666666666666666,3.0283015617848643,0.0,1.0
98700.0,27.416666666666668,0.07666666666666666,3.0267916534308035,0.0,1.0
98760.0,27.433333333333334,0.07666666666666666,3.025283491262885,0.0,1.0
98820.0,27.45,0.07666666666666666,3.023777215358603,0.0,1.0
98880.0,27.466666666666665,0.07666666666666666,3.0222729532457837,0.0,1.0
98940.0,27.483333333333334,0.07666666666666666,3.0207708197124967,0.0,1.0
99000.0,27.5,0.07666666666666666,3.0192709166403393,0.0,1.0
99060.0,27.516666666666666,0.07666666666666666,3.01777333286088,0.0,1.0
99120.0,27.533333333333335,0.07666666666666666,3.016278144034905,0.0,1.0
99180.0,27.55,0.07666666666666666,3.0147854125540925,0.0,1.0
99240.0,27.566666666666666,0.07666666666666666,3.01329518746463,0.0,1.0
99300.0,27.583333333333332,0.07666666666666666,3.0118075044122254,0.0,1.0
99360.0,27.6,0.07666666666666666,3.0103223856079344,0.0,1.0
99420.0,27.616666666666667,0.07666666666666666,3.008839839814107,0.0,1.0
99480.0,27.633333333333333,0.07666666666666666,3.0073598623497735,0.0,1.0
99540.0,27.65,0.07666666666666666,3.0058824351146716,0.0,1.0
99600.0,27.666666666666668,0.07666666666666666,3.0044075266311467,0.0,1.0
99660.0,27.683333333333334,0.07666666666666666,3.0029350921030575,0.0,1.0
99720.0,27.7,0.07666666666666666,3.0014650734908193,0.0,1.0
99780.0,27.716666666666665,0.07666666666666666,2.99999739960169,0.0,1.0
99840.0,27.733333333333334,0.07666666666666666,2.9985319861943767,0.0,1.0
99900.0,27.75,0.07666666666666666,2.9970687360970163,0.0,1.0
99960.0,27.766666666666666,0.07666666666666666,2.9956075393375814,0.0,1.0
100020.0,27.783333333333335,0.07666666666666666,2.994148273285769,0.0,1.0
100080.0,27.8,0.07666666666666666,2.9926908028053907,0.0,1.0
100140.0,27.816666666666666,0.07666666666666666,2.991234980416311,0.0,1.0
100200.0,27.833333333333332,0.07666666666666666,2.989780646464994,0.0,1.0
100260.0,27.85,0.07666666666666666,2.988327629302691,0.0,1.0
100320.0,27.866666666666667,0.07666666666666666,2.9868757454703587,0.0,1.0
100380.0,27.883333333333333,0.07666666666666666,2.9854247998893775,0.0,1.0
100440.0,27.9,0.07666666666666666,2.983974586057169,0.0,1.0
100500.0,27.916666666666668,0.07666666666666666,2.982524886246865,0.0,1.0
100560.0,27.933333333333334,0.07666666666666666,2.9810754717101324,0.0,1.0
100620.0,27.95,0.07666666666666666,2.979626102882362,0.0,1.0
100680.0,27.966666666666665,0.07666666666666666,2.978176529589415,0.0,1.0
100740.0,27.983333333333334,0.07666666666666666,2.976726491255143,0.0,1.0
100800.0,28.0,0.07666666666666666,2.9752757171089708,0.0,1.0
100860.0,28.016666666666666,0.07666666666666666,2.9738239263928072,0.0,1.0
100920.0,28.033333333333335,0.07666666666666666,2.9723708285666346,0.0,1.0
100980.0,28.05,0.07666666666666666,2.970916123512124,0.0,1.0
101040.0,28.066666666666666,0.07666666666666666,2.969459501733681,0.0,1.0
101100.0,28.083333333333332,0.07666666666666666,2.9680006445563376,0.0,1.0
101160.0,28.1,0.07666666666666666,2.9665392243199746,0.0,1.0
101220.0,28.116666666666667,0.07666666666666666,2.965074904569346,0.0,1.0
101280.0,28.133333333333333,0.07666666666666666,2.9636073402394727,0.0,1.0
101340.0,28.15,0.07666666666666666,2.9621361778359327,0.0,1.0
101400.0,28.166666666666668,0.07666666666666666,2.960661055609681,0.0,1.0
101460.0,28.183333333333334,0.07666666666666666,2.9591816037260124,0.0,1.0
101520.0,28.2,0.07666666666666666,2.9576974444273327,0.0,1.0
101580.0,28.216666666666665,0.07666666666666666,2.956208192189446,0.0,1.0
101640.0,28.233333333333334,0.07666666666666666,2.9547134538710593,0.0,1.0
101700.0,28.25,0.07666666666666666,2.9532128288562918,0.0,1.0
101760.0,28.266666666666666,0.07666666666666666,2.9517059091899354,0.0,1.0
101820.0,28.283333333333335,0.07666666666666666,2.950192279705297,0.0,1.0
101880.0,28.3,0.07666666666666666,2.948671518144457,0.0,1.0
101940.0,28.316666666666666,0.07666666666666666,2.9471431952707854,0.0,1.0
102000.0,28.333333333333332,0.07666666666666666,2.945606874973623,0.0,1.0
102060.0,28.35,0.07666666666666666,2.9440621143650048,0.0,1.0
102120.0,28.366666666666667,0.07666666666666666,2.94250846386837,0.0,1.0
102180.0,28.383333333333333,0.07666666666666666,2.9409454672991977,0.0,1.0
102240.0,28.4,0.07666666666666666,2.93937266193752,0.0,1.0
102300.0,28.416666666666668,0.07666666666666666,2.9377895785923065,0.0,1.0
102360.0,28.433333333333334,0.07666666666666666,2.936195741657711,0.0,1.0
102420.0,28.45,0.07666666666666666,2.934590669161177,0.0,1.0
102480.0,28.466666666666665,0.07666666666666666,2.932973872803447,0.0,1.0
102540.0,28.483333333333334,0.07666666666666666,2.931344857990495,0.0,1.0
102600.0,28.5,0.07666666666666666,2.9297031238574274,0.0,1.0
102660.0,28.516666666666666,0.07666666666666666,2.928048163284426,0.0,1.0
102720.0,28.533333333333335,0.07666666666666666,2.926379462904775,0.0,1.0
102780.0,28.55,0.07666666666666666,2.9246965031050656,0.0,1.0
102840.0,28.566666666666666,0.07666666666666666,2.9229987580176466,0.0,1.0
102900.0,28.583333333333332,0.07666666666666666,2.9212856955054165,0.0,1.0
102960.0,28.6,0.07666666666666666,2.9195567771390385,0.0,1.0
103020.0,28.616666666666667,0.07666666666666666,2.9178114581666903,0.0,1.0
103080.0,28.633333333333333,0.07666666666666666,2.916049187476436,0.0,1.0
103140.0,28.65,0.07666666666666666,2.9142694075513287,0.0,1.0
103200.0,28.666666666666668,0.07666666666666666,2.9124715544173565,0.0,1.0
103260.0,28.683333333333334,0.07666666666666666,2.910655057584326,0.0,1.0
103320.0,28.7,0.07666666666666666,2.908819339979802,0.0,1.0
103380.0,28.716666666666665,0.07666666666666666,2.9069638178762123,0.0,1.0
103440.0,28.733333333333334,0.07666666666666666,2.9050879008112247,0.0,1.0
103500.0,28.75,0.07666666666666666,2.903190991501505,0.0,1.0
103560.0,28.766666666666666,0.07666666666666666,2.901272485749958,0.0,1.0
103620.0,28.783333333333335,0.07666666666666666,2.899331772346576,0.0,1.0
103680.0,28.8,0.07666666666666666,2.8973682329629815,0.0,1.0
103740.0,28.816666666666666,0.07666666666666666,2.8953812420407634,0.0,1.0
103800.0,28.833333333333332,0.07666666666666666,2.8933701666737366,0.0,1.0
103860.0,28.85,0.07666666666666666,2.8913343664841813,0.0,1.0
103920.0,28.866666666666667,0.07666666666666666,2.889273193493194,0.0,1.0
103980.0,28.883333333333333,0.07666666666666666,2.887185991985208,0.0,1.0
104040.0,28.9,0.07666666666666666,2.885072098366801,0.0,1.0
104100.0,28.916666666666668,0.07666666666666666,2.8829308410198493,0.0,1.0
104160.0,28.933333333333334,0.07666666666666666,2.880761540149129,0.0,1.0
104220.0,28.95,0.07666666666666666,2.8785635076244196,0.0,1.0
104280.0,28.966666666666665,0.07666666666666666,2.8763360468172046,0.0,1.0
104340.0,28.983333333333334,0.07666666666666666,2.874078452432016,0.0,1.0
104400.0,29.0,0.07666666666666666,2.871790010332501,0.0,1.0
104460.0,29.016666666666666,0.07666666666666666,2.8694699973622626,0.0,1.0
104520.0,29.033333333333335,0.07666666666666666,2.867117681160534,0.0,1.0
104580.0,29.05,0.07666666666666666,2.8647323199727293,0.0,1.0
104640.0,29.066666666666666,0.07666666666666666,2.8623131624559273,0.0,1.0
104700.0,29.083333333333332,0.07666666666666666,2.859859447479316,0.0,1.0
104760.0,29.1,0.07666666666666666,2.857370403919654,0.0,1.0
104820.0,29.116666666666667,0.07666666666666666,2.8548452504517527,0.0,1.0
104880.0,29.133333333333333,0.07666666666666666,2.8522831953340377,0.0,1.0
104940.0,29.15,0.07666666666666666,2.8496834361891956,0.0,1.0
105000.0,29.166666666666668,0.07666666666666666,2.847045159779915,0.0,1.0
105060.0,29.183333333333334,0.07666666666666666,2.8443675417797687,0.0,1.0
105120.0,29.2,0.07666666666666666,2.8416497465392063,0.0,1.0
105180.0,29.216666666666665,0.07666666666666666,2.838890926846696,0.0,1.0
105240.0,29.233333333333334,0.07666666666666666,2.8360902236849945,0.0,1.0
105300.0,29.25,0.07666666666666666,2.833246765982554,0.0,1.0
105360.0,29.266666666666666,0.07666666666666666,2.8303596703600507,0.0,1.0
105420.0,29.283333333333335,0.07666666666666666,2.827428040872026,0.0,1.0
105480.0,29.3,0.07666666666666666,2.824450968743626,0.0,1.0
105540.0,29.316666666666666,0.07666666666666666,2.8214275321024114,0.0,1.0
105600.0,29.333333333333332,0.07666666666666666,2.818356795705225,0.0,1.0
105660.0,29.35,0.07666666666666666,2.8152378106600713,0.0,1.0
105720.0,29.366666666666667,0.07666666666666666,2.8120696141429917,0.0,1.0
105780.0,29.383333333333333,0.07666666666666666,2.808851229109889,0.0,1.0
105840.0,29.4,0.07666666666666666,2.8055816640032587,0.0,1.0
105900.0,29.416666666666668,0.07666666666666666,2.8022599124537906,0.0,1.0
105960.0,29.433333333333334,0.07666666666666666,2.7988849529767834,0.0,1.0
106020.0,29.45,0.07666666666666666,2.795455748663323,0.0,1.0
106080.0,29.466666666666665,0.07666666666666666,2.7919712468661717,0.0,1.0
106140.0,29.483333333333334,0.07666666666666666,2.788430378880295,0.0,1.0
106200.0,29.5,0.07666666666666666,2.784832059617981,0.0,1.0
106260.0,29.516666666666666,0.07666666666666666,2.7811751872784667,0.0,1.0
106320.0,29.533333333333335,0.07666666666666666,2.777458643012011,0.0,1.0
106380.0,29.55,0.07666666666666666,2.7736812905783275,0.0,1.0
106440.0,29.566666666666666,0.07666666666666666,2.7698419759993174,0.0,1.0
106500.0,29.583333333333332,0.07666666666666666,2.765939527205996,0.0,1.0
106560.0,29.6,0.07666666666666666,2.7619727536795415,0.0,1.0
106620.0,29.616666666666667,0.07666666666666666,2.75794044608637,0.0,1.0
106680.0,29.633333333333333,0.07666666666666666,2.75384137590715,0.0,1.0
106740.0,29.65,0.07666666666666666,2.7496742950596436,0.0,1.0
106800.0,29.666666666666668,0.07666666666666666,2.74543793551529,0.0,1.0
106860.0,29.683333333333334,0.07666666666666666,2.741131008909414,0.0,1.0
106920.0,29.7,0.07666666666666666,2.7367522061449514,0.0,1.0
106980.0,29.716666666666665,0.07666666666666666,2.732300196989591,0.0,1.0
107040.0,29.733333333333334,0.07666666666666666,2.7277736296661943,0.0,1.0
107100.0,29.75,0.07666666666666666,2.723171130436396,0.0,1.0
107160.0,29.766666666666666,0.07666666666666666,2.7184913031772364,0.0,1.0
107220.0,29.783333333333335,0.07666666666666666,2.713732728950722,0.0,1.0
107280.0,29.8,0.07666666666666666,2.708893965566155,0.0,1.0
107340.0,29.816666666666666,0.07666666666666666,2.7039735471351203,0.0,1.0
107400.0,29.833333333333332,0.07666666666666666,2.6989699836189676,0.0,1.0
107460.0,29.85,0.07666666666666666,2.693881760368652,0.0,1.0
107520.0,29.866666666666667,0.07666666666666666,2.6887073376567843,0.0,1.0
107580.0,29.883333333333333,0.07666666666666666,2.6834451502017274,0.0,1.0
107640.0,29.9,0.07666666666666666,2.6780936066835883,0.0,1.0
107700.0,29.916666666666668,0.07666666666666666,2.6726510892519335,0.0,1.0
107760.0,29.933333333333334,0.07666666666666666,2.6671159530250597,0.0,1.0
107820.0,29.95,0.07666666666666666,2.661486525580646,0.0,1.0
107880.0,29.966666666666665,0.07666666666666666,2.6557611064376023,0.0,1.0
107940.0,29.983333333333334,0.07666666666666666,2.6499379665289284,0.0,1.0
108000.0,30.0,0.07666666666666666,2.6440153476653956,0.0,1.0
108060.0,30.016666666666666,0.07666666666666666,2.637991461989839,0.0,1.0
108120.0,30.033333333333335,0.07666666666666666,2.6318644914218705,0.0,1.0
108180.0,30.05,0.07666666666666666,2.6256325870927837,0.0,1.0
108240.0,30.066666666666666,0.07666666666666666,2.619293868770442,0.0,1.0
108300.0,30.083333333333332,0.07666666666666666,2.6128464242739122,0.0,1.0
108360.0,30.1,0.07666666666666666,2.606288308877616,0.0,1.0
108420.0,30.116666666666667,0.07666666666666666,2.599617544704743,0.0,1.0
108480.0,30.133333333333333,0.07666666666666666,2.592832120109687,0.0,1.0
108540.0,30.15,0.07666666666666666,2.5859299890492227,0.0,1.0
108600.0,30.166666666666668,0.07666666666666666,2.5789090704421587,0.0,1.0
108660.0,30.183333333333334,0.07666666666666666,2.571767247517182,0.0,1.0
108720.0,30.2,0.07666666666666666,2.564502367148591,0.0,1.0
108780.0,30.216666666666665,0.07666666666666666,2.5571122391796073,0.0,1.0
108840.0,30.233333333333334,0.07666666666666666,2.5495946357329426,0.0,1.0
108900.0,30.25,0.07666666666666666,2.5419472905082836,0.0,1.0
108960.0,30.266666666666666,0.07666666666666666,2.5341678980663365,0.0,1.0
109020.0,30.283333333333335,0.07666666666666666,2.5262541130990583,0.0,1.0
109080.0,30.3,0.07666666666666666,2.5182035496856834,0.0,1.0
109140.0,30.316666666666666,0.07666666666666666,2.51001378053414,0.0,1.0
109200.0,30.333333333333332,0.07666666666666666,2.501682336207411,0.0,1.0
109260.0,30.35,0.07666666666666666,2.4932067043343973,0.0,1.0
109320.0,30.366666666666667,0.07666666666666666,2.484584328804776,0.0,1.0
109380.0,30.383333333333333,0.07666666666666666,2.475812608947372,0.0,1.0
109440.0,30.4,0.07666666666666666,2.4668888986914657,0.0,1.0
109500.0,30.416666666666668,0.07666666666666666,2.4578105057104875,0.0,1.0
109560.0,30.433333333333334,0.07666666666666666,2.448574690547457,0.0,1.0
109620.0,30.45,0.07666666666666666,2.4391786657215295,0.0,1.0
109680.0,30.466666666666665,0.07666666666666666,2.429619594814926,0.0,1.0
109740.0,30.483333333333334,0.07666666666666666,2.4198945915395016,0.0,1.0
109800.0,30.5,0.07666666666666666,2.410000718782139,0.0,1.0
109860.0,30.516666666666666,0.07666666666666666,2.3999349876280816,0.0,1.0
109920.0,30.533333333333335,0.07666666666666666,2.3896943563612725,0.0,1.0
109980.0,30.55,0.07666666666666666,2.3792757294406535,0.0,1.0
110040.0,30.566666666666666,0.07666666666666666,2.3686759564513364,0.0,1.0
110100.0,30.583333333333332,0.07666666666666666,2.357891831029411,0.0,1.0
110160.0,30.6,0.07666666666666666,2.3469200897590827,0.0,1.0
110220.0,30.616666666666667,0.07666666666666666,2.335757411040687,0.0,1.0
110280.0,30.633333333333333,0.07666666666666666,2.3244004139279886,0.0,1.0
110340.0,30.65,0.07666666666666666,2.312845656933035,0.0,1.0
110400.0,30.666666666666668,0.07666666666666666,2.3010896367966174,0.0,1.0
110460.0,30.683333333333334,0.07666666666666666,2.289128787222234,0.0,1.0
110520.0,30.7,0.07666666666666666,2.2769594775711726,0.0,1.0
110580.0,30.716666666666665,0.07666666666666666,2.2645780115161083,0.0,1.0
110640.0,30.733333333333334,0.07666666666666666,2.251980625650269,0.0,1.0
110700.0,30.75,0.07666666666666666,2.2391634880489146,0.0,1.0
110760.0,30.766666666666666,0.07666666666666666,2.2261226967794467,0.0,1.0
110820.0,30.783333333333335,0.07666666666666666,2.212854278356025,0.0,1.0
110880.0,30.8,0.07666666666666666,2.199354186134027,0.0,1.0
110940.0,30.816666666666666,0.07666666666666666,2.185618298639101,0.0,1.0
111000.0,30.833333333333332,0.07666666666666666,2.1716424178248044,0.0,1.0
111060.0,30.85,0.07666666666666666,2.157422267252044,0.0,1.0
111120.0,30.866666666666667,0.07666666666666666,2.142953490182536,0.0,1.0
111180.0,30.883333333333333,0.07666666666666666,2.128231647577377,0.0,1.0
111240.0,30.9,0.07666666666666666,2.1132522159905127,0.0,1.0
111300.0,30.916666666666668,0.07666666666666666,2.098010585345283,0.0,1.0
111360.0,30.933333333333334,0.07666666666666666,2.0825020565803993,0.0,1.0
111420.0,30.95,0.07666666666666666,2.066721839149529,0.0,1.0
111480.0,30.966666666666665,0.07666666666666666,2.050665048355972,0.0,1.0
111540.0,30.983333333333334,0.07666666666666666,2.0343267025008824,0.0,1.0
111600.0,31.0,0.07666666666666666,2.017701719819651,0.0,1.0
111660.0,31.016666666666666,0.07666666666666666,2.000784915176575,0.0,1.0
111662.72357189776,31.017423214416045,0.07666666666666666,2.000010003791751,0.0,1.0
111662.72357189876,31.017423214416322,0.0,2.01040192542491,0.0,2.0
111722.72357189776,31.03408988108271,0.0,2.0688320987233864,0.0,2.0
111782.72357189776,31.050756547749376,0.0,2.0893033112581922,0.0,2.0
111842.72357189776,31.067423214416046,0.0,2.102202277331849,0.0,2.0
111902.72357189776,31.08408988108271,0.0,2.1115793700907024,0.0,2.0
111962.72357189776,31.100756547749377,0.0,2.118748775708655,0.0,2.0
112022.72357189776,31.117423214416046,0.0,2.1244521926415834,0.0,2.0
112082.72357189776,31.134089881082712,0.0,2.129095718511597,0.0,2.0
112142.72357189776,31.150756547749378,0.0,2.1329370449759666,0.0,2.0
112202.72357189776,31.167423214416043,0.0,2.1361510586812833,0.0,2.0
112262.72357189776,31.184089881082713,0.0,2.138862343808908,0.0,2.0
112322.72357189776,31.20075654774938,0.0,2.1411431463976056,0.0,2.0
112382.72357189776,31.217423214416044,0.0,2.143110706671555,0.0,2.0
112442.72357189776,31.23408988108271,0.0,2.144797483438143,0.0,2.0
112502.72357189776,31.25075654774938,0.0,2.1462430194153974,0.0,2.0
112562.72357189776,31.267423214416045,0.0,2.1474786912578594,0.0,2.0
