Time [s],Time [h],Current [A],Voltage [V],Cycle,Step
0.0,0.0,0.0,2.1024556183584497,0.0,0.0
60.0,0.016666666666666666,0.0,2.1028739421643667,0.0,0.0
120.0,0.03333333333333333,0.0,2.103244435429188,0.0,0.0
180.0,0.05,0.0,2.1035676626704323,0.0,0.0
240.0,0.06666666666666667,0.0,2.103849107147569,0.0,0.0
300.0,0.08333333333333333,0.0,2.104094392484229,0.0,0.0
360.0,0.1,0.0,2.1043085290036867,0.0,0.0
420.0,0.11666666666666667,0.0,2.1044901126314786,0.0,0.0
480.0,0.13333333333333333,0.0,2.1046501975840686,0.0,0.0
540.0,0.15,0.0,2.104784176422807,0.0,0.0
600.0,0.16666666666666666,0.0,2.104891679332896,0.0,0.0
660.0,0.18333333333333332,0.0,2.104987181930575,0.0,0.0
720.0,0.2,0.0,2.1050722751625996,0.0,0.0
780.0,0.21666666666666667,0.0,2.1051465706335364,0.0,0.0
840.0,0.23333333333333334,0.0,2.1052130068224466,0.0,0.0
900.0,0.25,0.0,2.1052715091482113,0.0,0.0
960.0,0.26666666666666666,0.0,2.1053212868121314,0.0,0.0
1020.0,0.2833333333333333,0.0,2.1053628379989906,0.0,0.0
1080.0,0.3,0.0,2.1053984208331054,0.0,0.0
1140.0,0.31666666666666665,0.0,2.105426510507219,0.0,0.0
1200.0,0.3333333333333333,0.0,2.1054512458617367,0.0,0.0
1260.0,0.35,0.0,2.105473665094191,0.0,0.0
1320.0,0.36666666666666664,0.0,2.1054936570513325,0.0,0.0
1380.0,0.38333333333333336,0.0,2.1055112121059167,0.0,0.0
1440.0,0.4,0.0,2.1055263647641826,0.0,0.0
1500.0,0.4166666666666667,0.0,2.1055397567886915,0.0,0.0
1560.0,0.43333333333333335,0.0,2.105551393536442,0.0,0.0
1620.0,0.45,0.0,2.1055611199053827,0.0,0.0
1680.0,0.4666666666666667,0.0,2.105568697467434,0.0,0.0
1740.0,0.48333333333333334,0.0,2.1055753437402216,0.0,0.0
1800.0,0.5,0.0,2.1055813813988298,0.0,0.0
1860.0,0.5166666666666667,0.0,2.1055868100636888,0.0,0.0
1920.0,0.5333333333333333,0.0,2.1055916281989635,0.0,0.0
1980.0,0.55,0.0,2.1055958367985417,0.0,0.0
2040.0,0.5666666666666667,0.0,2.1055994358711088,0.0,0.0
2100.0,0.5833333333333334,0.0,2.105602559254915,0.0,0.0
2160.0,0.6,0.0,2.1056052253721327,0.0,0.0
2220.0,0.6166666666666667,0.0,2.105607033245765,0.0,0.0
2280.0,0.6333333333333333,0.0,2.105608577698832,0.0,0.0
2340.0,0.65,0.0,2.1056101221492076,0.0,0.0
2400.0,0.6666666666666666,0.0,2.1056115172995726,0.0,0.0
2460.0,0.6833333333333333,0.0,2.105612396667059,0.0,0.0
2520.0,0.7,0.0,2.105613276033672,0.0,0.0
2580.0,0.7166666666666667,0.0,2.1056141553994125,0.0,0.0
2640.0,0.7333333333333333,0.0,2.10561503476428,0.0,0.0
2700.0,0.75,0.0,2.1056159141282746,0.0,0.0
2760.0,0.7666666666666667,0.0,2.105616569241069,0.0,0.0
2820.0,0.7833333333333333,0.0,2.105617128899757,0.0,0.0
2880.0,0.8,0.0,2.105617688558092,0.0,0.0
2940.0,0.8166666666666667,0.0,2.105618194115517,0.0,0.0
3000.0,0.8333333333333334,0.0,2.1056185127701497,0.0,0.0
3060.0,0.85,0.0,2.1056188314246675,0.0,0.0
3120.0,0.8666666666666667,0.0,2.10561915007907,0.0,0.0
3180.0,0.8833333333333333,0.0,2.1056194687333583,0.0,0.0
3240.0,0.9,0.0,2.105619787387532,0.0,0.0
3300.0,0.9166666666666666,0.0,2.1056200247801735,0.0,0.0
3360.0,0.9333333333333333,0.0,2.1056202275832843,0.0,0.0
3420.0,0.95,0.0,2.1056204303863484,0.0,0.0
3480.0,0.9666666666666667,0.0,2.1056206135849678,0.0,0.0
3540.0,0.9833333333333333,0.0,2.10562072905574,0.0,0.0
3600.0,1.0,0.0,2.1056208445264963,0.0,0.0
3660.0,1.0166666666666666,0.0,2.1056209599972378,0.0,0.0
3720.0,1.0333333333333334,0.0,2.1056210754679654,0.0,0.0
3780.0,1.05,0.0,2.105621190938676,0.0,0.0
3840.0,1.0666666666666667,0.0,2.1056212769626637,0.0,0.0
3900.0,1.0833333333333333,0.0,2.1056213504524526,0.0,0.0
3960.0,1.1,0.0,2.1056214239422353,0.0,0.0
4020.0,1.1166666666666667,0.0,2.1056214903279606,0.0,0.0
4080.0,1.1333333333333333,0.0,2.105621532171135,0.0,0.0
4140.0,1.15,0.0,2.1056215740143074,0.0,0.0
4200.0,1.1666666666666667,0.0,2.105621615857478,0.0,0.0
4260.0,1.1833333333333333,0.0,2.105621657700646,0.0,0.0
4320.0,1.2,0.0,2.1056216995438124,0.0,0.0
4380.0,1.2166666666666666,0.0,2.1056217307163596,0.0,0.0
4440.0,1.2333333333333334,0.0,2.105621757346886,0.0,0.0
4500.0,1.25,0.0,2.1056217839774116,0.0,0.0
4560.0,1.2666666666666666,0.0,2.1056218080336384,0.0,0.0
4620.0,1.2833333333333334,0.0,2.105621823196369,0.0,0.0
4680.0,1.3,0.0,2.1056218383591006,0.0,0.0
4740.0,1.3166666666666667,0.0,2.105621853521831,0.0,0.0
4800.0,1.3333333333333333,0.0,2.105621868684562,0.0,0.0
4860.0,1.35,0.0,2.1056218838472924,0.0,0.0
4920.0,1.3666666666666667,0.0,2.105621895143305,0.0,0.0
4980.0,1.3833333333333333,0.0,2.105621904793423,0.0,0.0
5040.0,1.4,0.0,2.1056219144435415,0.0,0.0
5100.0,1.4166666666666667,0.0,2.1056219231608093,0.0,0.0
5160.0,1.4333333333333333,0.0,2.105621928655337,0.0,0.0
5220.0,1.45,0.0,2.1056219341498643,0.0,0.0
5280.0,1.4666666666666666,0.0,2.105621939644392,0.0,0.0
5340.0,1.4833333333333334,0.0,2.105621945138919,0.0,0.0
5400.0,1.5,0.0,2.1056219506334464,0.0,0.0
5460.0,1.5166666666666666,0.0,2.1056219547267903,0.0,0.0
5520.0,1.5333333333333334,0.0,2.1056219582237086,0.0,0.0
5580.0,1.55,0.0,2.1056219617206287,0.0,0.0
5640.0,1.5666666666666667,0.0,2.10562196487951,0.0,0.0
5700.0,1.5833333333333333,0.0,2.105621966870565,0.0,0.0
5760.0,1.6,0.0,2.1056219688616205,0.0,0.0
5820.0,1.6166666666666667,0.0,2.1056219708526753,0.0,0.0
5880.0,1.6333333333333333,0.0,2.10562197284373,0.0,0.0
5940.0,1.65,0.0,2.1056219748347855,0.0,0.0
6000.0,1.6666666666666667,0.0,2.105621976318093,0.0,0.0
6060.0,1.6833333333333333,0.0,2.105621977585273,0.0,0.0
6120.0,1.7,0.0,2.1056219788524535,0.0,0.0
6180.0,1.7166666666666666,0.0,2.105621979997139,0.0,0.0
6240.0,1.7333333333333334,0.0,2.105621980718639,0.0,0.0
6300.0,1.75,0.0,2.105621981440139,0.0,0.0
6360.0,1.7666666666666666,0.0,2.105621982161639,0.0,0.0
6420.0,1.7833333333333334,0.0,2.1056219828831386,0.0,0.0
6480.0,1.8,0.0,2.1056219836046384,0.0,0.0
6540.0,1.8166666666666667,0.0,2.1056219841421457,0.0,0.0
6600.0,1.8333333333333333,0.0,2.1056219846013344,0.0,0.0
6660.0,1.85,0.0,2.105621985060523,0.0,0.0
6720.0,1.8666666666666667,0.0,2.105621985475324,0.0,0.0
6780.0,1.8833333333333333,0.0,2.105621985736774,0.0,0.0
6840.0,1.9,0.0,2.1056219859982246,0.0,0.0
6900.0,1.9166666666666667,0.0,2.1056219862596746,0.0,0.0
6960.0,1.9333333333333333,0.0,2.1056219865211245,0.0,0.0
7020.0,1.95,0.0,2.105621986782575,0.0,0.0
7080.0,1.9666666666666666,0.0,2.105621986986212,0.0,0.0
7140.0,1.9833333333333334,0.0,2.1056219871661,0.0,0.0
7200.0,2.0,0.0,2.1056219873459883,0.0,0.0
7200.000000001,2.000000000000278,-0.07666666666666666,2.1153767393650647,0.0,1.0
7260.0,2.0166666666666666,-0.07666666666666666,2.182015724675452,0.0,1.0
7320.0,2.033333333333333,-0.07666666666666666,2.2137176954988362,0.0,1.0
7380.0,2.05,-0.07666666666666666,2.2381227925651377,0.0,1.0
7440.0,2.066666666666667,-0.07666666666666666,2.2589737654517963,0.0,1.0
7500.0,2.0833333333333335,-0.07666666666666666,2.2775170161510054,0.0,1.0
7560.0,2.1,-0.07666666666666666,2.2944566191599187,0.0,1.0
7620.0,2.1166666666666667,-0.07666666666666666,2.3101851882647724,0.0,1.0
7680.0,2.1333333333333333,-0.07666666666666666,2.3249550457851704,0.0,1.0
7740.0,2.15,-0.07666666666666666,2.338939474247523,0.0,1.0
7800.0,2.1666666666666665,-0.07666666666666666,2.352263367231762,0.0,1.0
7860.0,2.183333333333333,-0.07666666666666666,2.3650053626227328,0.0,1.0
7920.0,2.2,-0.07666666666666666,2.3772724792878828,0.0,1.0
7980.0,2.216666666666667,-0.07666666666666666,2.38910443617151,0.0,1.0
8040.0,2.2333333333333334,-0.07666666666666666,2.400543873070369,0.0,1.0
8100.0,2.25,-0.07666666666666666,2.411628488632151,0.0,1.0
8160.0,2.2666666666666666,-0.07666666666666666,2.4223910880030686,0.0,1.0
8220.0,2.283333333333333,-0.07666666666666666,2.4328611444933146,0.0,1.0
8280.0,2.3,-0.07666666666666666,2.4430531598089322,0.0,1.0
8340.0,2.316666666666667,-0.07666666666666666,2.4529908276126933,0.0,1.0
8400.0,2.3333333333333335,-0.07666666666666666,2.462681598821085,0.0,1.0
8460.0,2.35,-0.07666666666666666,2.4721611864077353,0.0,1.0
8520.0,2.3666666666666667,-0.07666666666666666,2.481435059120685,0.0,1.0
8580.0,2.3833333333333333,-0.07666666666666666,2.4905123915374574,0.0,1.0
8640.0,2.4,-0.07666666666666666,2.4994035716762033,0.0,1.0
8700.0,2.4166666666666665,-0.07666666666666666,2.508111876605038,0.0,1.0
8760.0,2.433333333333333,-0.07666666666666666,2.516649404316532,0.0,1.0
8820.0,2.45,-0.07666666666666666,2.5250170603431465,0.0,1.0
8880.0,2.466666666666667,-0.07666666666666666,2.533223126096313,0.0,1.0
8940.0,2.4833333333333334,-0.07666666666666666,2.541270664369333,0.0,1.0
9000.0,2.5,-0.07666666666666666,2.549171422684343,0.0,1.0
9060.0,2.5166666666666666,-0.07666666666666666,2.5569287468081154,0.0,1.0
9120.0,2.533333333333333,-0.07666666666666666,2.564545815093415,0.0,1.0
9180.0,2.55,-0.07666666666666666,2.572027051608245,0.0,1.0
9240.0,2.566666666666667,-0.07666666666666666,2.5793741917330952,0.0,1.0
9300.0,2.5833333333333335,-0.07666666666666666,2.586590684262299,0.0,1.0
9360.0,2.6,-0.07666666666666666,2.59368041589965,0.0,1.0
9420.0,2.6166666666666667,-0.07666666666666666,2.600644949343114,0.0,1.0
9480.0,2.6333333333333333,-0.07666666666666666,2.607486458856715,0.0,1.0
9540.0,2.65,-0.07666666666666666,2.6142098359191546,0.0,1.0
9600.0,2.6666666666666665,-0.07666666666666666,2.6208177931852057,0.0,1.0
9660.0,2.683333333333333,-0.07666666666666666,2.6273122379397815,0.0,1.0
9720.0,2.7,-0.07666666666666666,2.6336952854724887,0.0,1.0
9780.0,2.716666666666667,-0.07666666666666666,2.6399691775769565,0.0,1.0
9840.0,2.7333333333333334,-0.07666666666666666,2.6461362205726022,0.0,1.0
9900.0,2.75,-0.07666666666666666,2.652198057116367,0.0,1.0
9960.0,2.7666666666666666,-0.07666666666666666,2.6581565740185553,0.0,1.0
10020.0,2.783333333333333,-0.07666666666666666,2.6640133933500816,0.0,1.0
10080.0,2.8,-0.07666666666666666,2.6697711562088697,0.0,1.0
10140.0,2.816666666666667,-0.07666666666666666,2.6754317933513008,0.0,1.0
10200.0,2.8333333333333335,-0.07666666666666666,2.6809970294757273,0.0,1.0
10260.0,2.85,-0.07666666666666666,2.6864685598910345,0.0,1.0
10320.0,2.8666666666666667,-0.07666666666666666,2.691848054036596,0.0,1.0
10380.0,2.8833333333333333,-0.07666666666666666,2.6971371530337467,0.0,1.0
10440.0,2.9,-0.07666666666666666,2.7023375390799256,0.0,1.0
10500.0,2.9166666666666665,-0.07666666666666666,2.707450800331332,0.0,1.0
10560.0,2.933333333333333,-0.07666666666666666,2.7124783102770116,0.0,1.0
10620.0,2.95,-0.07666666666666666,2.7174218824940897,0.0,1.0
10680.0,2.966666666666667,-0.07666666666666666,2.7222831382726422,0.0,1.0
10740.0,2.9833333333333334,-0.07666666666666666,2.727063484698535,0.0,1.0
10800.0,3.0,-0.07666666666666666,2.7317642153851684,0.0,1.0
10860.0,3.0166666666666666,-0.07666666666666666,2.7363869874538813,0.0,1.0
10920.0,3.033333333333333,-0.07666666666666666,2.7409332039070353,0.0,1.0
10980.0,3.05,-0.07666666666666666,2.745404245379701,0.0,1.0
11040.0,3.066666666666667,-0.07666666666666666,2.7498014705541274,0.0,1.0
11100.0,3.0833333333333335,-0.07666666666666666,2.754126127095059,0.0,1.0
11160.0,3.1,-0.07666666666666666,2.7583795859598492,0.0,1.0
11220.0,3.1166666666666667,-0.07666666666666666,2.7625631810042712,0.0,1.0
11280.0,3.1333333333333333,-0.07666666666666666,2.766678166466925,0.0,1.0
11340.0,3.15,-0.07666666666666666,2.7707257485719636,0.0,1.0
11400.0,3.1666666666666665,-0.07666666666666666,2.774707234584256,0.0,1.0
11460.0,3.183333333333333,-0.07666666666666666,2.778623840410008,0.0,1.0
11520.0,3.2,-0.07666666666666666,2.782476763100116,0.0,1.0
11580.0,3.216666666666667,-0.07666666666666666,2.7862671812102944,0.0,1.0
11640.0,3.2333333333333334,-0.07666666666666666,2.78999622720154,0.0,1.0
11700.0,3.25,-0.07666666666666666,2.7936650608480234,0.0,1.0
11760.0,3.2666666666666666,-0.07666666666666666,2.797274819383352,0.0,1.0
11820.0,3.283333333333333,-0.07666666666666666,2.800826604413812,0.0,1.0
11880.0,3.3,-0.07666666666666666,2.8043214919865687,0.0,1.0
11940.0,3.316666666666667,-0.07666666666666666,2.807760579431425,0.0,1.0
12000.0,3.3333333333333335,-0.07666666666666666,2.8111449253989447,0.0,1.0
12060.0,3.35,-0.07666666666666666,2.8144755727300623,0.0,1.0
12120.0,3.3666666666666667,-0.07666666666666666,2.8177535487679637,0.0,1.0
12180.0,3.3833333333333333,-0.07666666666666666,2.820979856901724,0.0,1.0
12240.0,3.4,-0.07666666666666666,2.8241554997615155,0.0,1.0
12300.0,3.4166666666666665,-0.07666666666666666,2.827281463796517,0.0,1.0
12360.0,3.433333333333333,-0.07666666666666666,2.8303587153494005,0.0,1.0
12420.0,3.45,-0.07666666666666666,2.833388203987061,0.0,1.0
12480.0,3.466666666666667,-0.07666666666666666,2.836370877392302,0.0,1.0
12540.0,3.4833333333333334,-0.07666666666666666,2.839307662717775,0.0,1.0
12600.0,3.5,-0.07666666666666666,2.842199473934881,0.0,1.0
12660.0,3.5166666666666666,-0.07666666666666666,2.845047212101446,0.0,1.0
12720.0,3.533333333333333,-0.07666666666666666,2.8478517628644084,0.0,1.0
12780.0,3.55,-0.07666666666666666,2.8506140039248034,0.0,1.0
12840.0,3.566666666666667,-0.07666666666666666,2.8533348003476324,0.0,1.0
12900.0,3.5833333333333335,-0.07666666666666666,2.8560150034782446,0.0,1.0
12960.0,3.6,-0.07666666666666666,2.8586554521414356,0.0,1.0
13020.0,3.6166666666666667,-0.07666666666666666,2.8612569774948398,0.0,1.0
13080.0,3.6333333333333333,-0.07666666666666666,2.8638203972918665,0.0,1.0
13140.0,3.65,-0.07666666666666666,2.8663465183433394,0.0,1.0
13200.0,3.6666666666666665,-0.07666666666666666,2.8688361367425848,0.0,1.0
13260.0,3.683333333333333,-0.07666666666666666,2.8712900372105605,0.0,1.0
13320.0,3.7,-0.07666666666666666,2.8737089955946518,0.0,1.0
13380.0,3.716666666666667,-0.07666666666666666,2.8760937775152655,0.0,1.0
13440.0,3.7333333333333334,-0.07666666666666666,2.8784451381475975,0.0,1.0
13500.0,3.75,-0.07666666666666666,2.8807638227239583,0.0,1.0
13560.0,3.7666666666666666,-0.07666666666666666,2.883050568198312,0.0,1.0
13620.0,3.783333333333333,-0.07666666666666666,2.8853061015392445,0.0,1.0
13680.0,3.8,-0.07666666666666666,2.887531140625103,0.0,1.0
13740.0,3.816666666666667,-0.07666666666666666,2.8897263944252023,0.0,1.0
13800.0,3.8333333333333335,-0.07666666666666666,2.89189256289595,0.0,1.0
13860.0,3.85,-0.07666666666666666,2.894030337881501,0.0,1.0
13920.0,3.8666666666666667,-0.07666666666666666,2.8961404027805346,0.0,1.0
13980.0,3.8833333333333333,-0.07666666666666666,2.898223432570298,0.0,1.0
14040.0,3.9,-0.07666666666666666,2.9002800940574613,0.0,1.0
14100.0,3.9166666666666665,-0.07666666666666666,2.9023110464999036,0.0,1.0
14160.0,3.933333333333333,-0.07666666666666666,2.904316941141548,0.0,1.0
14220.0,3.95,-0.07666666666666666,2.9062984215783274,0.0,1.0
14280.0,3.966666666666667,-0.07666666666666666,2.908256123891133,0.0,1.0
14340.0,3.9833333333333334,-0.07666666666666666,2.91019067668237,0.0,1.0
14400.0,4.0,-0.07666666666666666,2.912102701433182,0.0,1.0
14460.0,4.016666666666667,-0.07666666666666666,2.9139928124578867,0.0,1.0
14520.0,4.033333333333333,-0.07666666666666666,2.91586161696884,0.0,1.0
14580.0,4.05,-0.07666666666666666,2.917709715210309,0.0,1.0
14640.0,4.066666666666666,-0.07666666666666666,2.9195377007091703,0.0,1.0
14700.0,4.083333333333333,-0.07666666666666666,2.921346160167325,0.0,1.0
14760.0,4.1,-0.07666666666666666,2.923135673619591,0.0,1.0
14820.0,4.116666666666666,-0.07666666666666666,2.924906814511194,0.0,1.0
14880.0,4.133333333333334,-0.07666666666666666,2.926660149738778,0.0,1.0
14940.0,4.15,-0.07666666666666666,2.928396239791772,0.0,1.0
15000.0,4.166666666666667,-0.07666666666666666,2.9301156387568223,0.0,1.0
15060.0,4.183333333333334,-0.07666666666666666,2.9318188943531,0.0,1.0
15120.0,4.2,-0.07666666666666666,2.933506547985187,0.0,1.0
15180.0,4.216666666666667,-0.07666666666666666,2.9351791348296663,0.0,1.0
15240.0,4.233333333333333,-0.07666666666666666,2.936837183797981,0.0,1.0
15300.0,4.25,-0.07666666666666666,2.938481217581659,0.0,1.0
15360.0,4.266666666666667,-0.07666666666666666,2.9401117526656333,0.0,1.0
15420.0,4.283333333333333,-0.07666666666666666,2.941729299323965,0.0,1.0
15480.0,4.3,-0.07666666666666666,2.9433343616436334,0.0,1.0
15540.0,4.316666666666666,-0.07666666666666666,2.944927437497171,0.0,1.0
15600.0,4.333333333333333,-0.07666666666666666,2.9465090185199494,0.0,1.0
15660.0,4.35,-0.07666666666666666,2.948079590087791,0.0,1.0
15720.0,4.366666666666666,-0.07666666666666666,2.94963963130047,0.0,1.0
15780.0,4.383333333333334,-0.07666666666666666,2.951189614917944,0.0,1.0
15840.0,4.4,-0.07666666666666666,2.9527300073187135,0.0,1.0
15900.0,4.416666666666667,-0.07666666666666666,2.9542612684418876,0.0,1.0
15960.0,4.433333333333334,-0.07666666666666666,2.9557838517177473,0.0,1.0
16020.0,4.45,-0.07666666666666666,2.9572982040023756,0.0,1.0
16080.0,4.466666666666667,-0.07666666666666666,2.9588047654894805,0.0,1.0
16140.0,4.483333333333333,-0.07666666666666666,2.9603039696183746,0.0,1.0
16200.0,4.5,-0.07666666666666666,2.9617962429767934,0.0,1.0
16260.0,4.516666666666667,-0.07666666666666666,2.9632820052006186,0.0,1.0
16320.0,4.533333333333333,-0.07666666666666666,2.9647616688522773,0.0,1.0
16380.0,4.55,-0.07666666666666666,2.9662356393018285,0.0,1.0
16440.0,4.566666666666666,-0.07666666666666666,2.9677043145976842,0.0,1.0
16500.0,4.583333333333333,-0.07666666666666666,2.9691680853287594,0.0,1.0
16560.0,4.6,-0.07666666666666666,2.970627334483674,0.0,1.0
16620.0,4.616666666666666,-0.07666666666666666,2.972082437297857,0.0,1.0
16680.0,4.633333333333334,-0.07666666666666666,2.973533761095382,0.0,1.0
16740.0,4.65,-0.07666666666666666,2.9749816651253407,0.0,1.0
16800.0,4.666666666666667,-0.07666666666666666,2.976426500393778,0.0,1.0
16860.0,4.683333333333334,-0.07666666666666666,2.9778686094850855,0.0,1.0
16920.0,4.7,-0.07666666666666666,2.9793083263816,0.0,1.0
16980.0,4.716666666666667,-0.07666666666666666,2.980745976277197,0.0,1.0
17040.0,4.733333333333333,-0.07666666666666666,2.982181875385867,0.0,1.0
17100.0,4.75,-0.07666666666666666,2.983616330747682,0.0,1.0
17160.0,4.766666666666667,-0.07666666666666666,2.985049640029331,0.0,1.0
17220.0,4.783333333333333,-0.07666666666666666,2.986482091322081,0.0,1.0
17280.0,4.8,-0.07666666666666666,2.987913962937607,0.0,1.0
17340.0,4.816666666666666,-0.07666666666666666,2.9893455232025112,0.0,1.0
17400.0,4.833333333333333,-0.07666666666666666,2.9907770302499173,0.0,1.0
17460.0,4.85,-0.07666666666666666,2.9922087318117763,0.0,1.0
17520.0,4.866666666666666,-0.07666666666666666,2.9936408650109487,0.0,1.0
17580.0,4.883333333333334,-0.07666666666666666,2.99507365615402,0.0,1.0
17640.0,4.9,-0.07666666666666666,2.99650732052629,0.0,1.0
17700.0,4.916666666666667,-0.07666666666666666,2.9979420621885655,0.0,1.0
17760.0,4.933333333333334,-0.07666666666666666,2.999378073777392,0.0,1.0
17820.0,4.95,-0.07666666666666666,3.000815536309557,0.0,1.0
17880.0,4.966666666666667,-0.07666666666666666,3.0022546189918113,0.0,1.0
17940.0,4.983333333333333,-0.07666666666666666,3.003695479035883,0.0,1.0
18000.0,5.0,-0.07666666666666666,3.0051382614807824,0.0,1.0
18060.0,5.016666666666667,-0.07666666666666666,3.006583099022741,0.0,1.0
18120.0,5.033333333333333,-0.07666666666666666,3.0080301118537904,0.0,1.0
18180.0,5.05,-0.07666666666666666,3.009479407510196,0.0,1.0
18240.0,5.066666666666666,-0.07666666666666666,3.0109310807312735,0.0,1.0
18300.0,5.083333333333333,-0.07666666666666666,3.012385213329832,0.0,1.0
18360.0,5.1,-0.07666666666666666,3.0138418740752138,0.0,1.0
18420.0,5.116666666666666,-0.07666666666666666,3.0153011185898855,0.0,1.0
18480.0,5.133333333333334,-0.07666666666666666,3.016762989260218,0.0,1.0
18540.0,5.15,-0.07666666666666666,3.0182275151627955,0.0,1.0
18600.0,5.166666666666667,-0.07666666666666666,3.0196947120068853,0.0,1.0
18660.0,5.183333333333334,-0.07666666666666666,3.0211645820940243,0.0,1.0
18720.0,5.2,-0.07666666666666666,3.0226371142955966,0.0,1.0
18780.0,5.216666666666667,-0.07666666666666666,3.0241122840490866,0.0,1.0
18840.0,5.233333333333333,-0.07666666666666666,3.025590053373847,0.0,1.0
18900.0,5.25,-0.07666666666666666,3.027070370907101,0.0,1.0
18960.0,5.266666666666667,-0.07666666666666666,3.0285531719608443,0.0,1.0
19020.0,5.283333333333333,-0.07666666666666666,3.030038378600126,0.0,1.0
19080.0,5.3,-0.07666666666666666,3.0315258997433965,0.0,1.0
19140.0,5.316666666666666,-0.07666666666666666,3.033015631285303,0.0,1.0
19200.0,5.333333333333333,-0.07666666666666666,3.034507456242337,0.0,1.0
19260.0,5.35,-0.07666666666666666,3.0360012449216898,0.0,1.0
19320.0,5.366666666666666,-0.07666666666666666,3.0374968551134742,0.0,1.0
19380.0,5.383333333333334,-0.07666666666666666,3.0389941323065317,0.0,1.0
19440.0,5.4,-0.07666666666666666,3.0404929099278535,0.0,1.0
19500.0,5.416666666666667,-0.07666666666666666,3.0419930096056174,0.0,1.0
19560.0,5.433333333333334,-0.07666666666666666,3.043494241455658,0.0,1.0
19620.0,5.45,-0.07666666666666666,3.044996404391217,0.0,1.0
19680.0,5.466666666666667,-0.07666666666666666,3.0464992864556226,0.0,1.0
19740.0,5.483333333333333,-0.07666666666666666,3.048002665177493,0.0,1.0
19800.0,5.5,-0.07666666666666666,3.049506307947963,0.0,1.0
19860.0,5.516666666666667,-0.07666666666666666,3.0510099724193136,0.0,1.0
19920.0,5.533333333333333,-0.07666666666666666,3.052513406924298,0.0,1.0
19980.0,5.55,-0.07666666666666666,3.0540163509153855,0.0,1.0
20040.0,5.566666666666666,-0.07666666666666666,3.055518535423015,0.0,1.0
20100.0,5.583333333333333,-0.07666666666666666,3.0570196835318733,0.0,1.0
20160.0,5.6,-0.07666666666666666,3.0585195108741425,0.0,1.0
20220.0,5.616666666666666,-0.07666666666666666,3.060017726138565,0.0,1.0
20280.0,5.633333333333334,-0.07666666666666666,3.0615140315940823,0.0,1.0
20340.0,5.65,-0.07666666666666666,3.0630081236267754,0.0,1.0
20400.0,5.666666666666667,-0.07666666666666666,3.0644996932887074,0.0,1.0
20460.0,5.683333333333334,-0.07666666666666666,3.0659884268572655,0.0,1.0
20520.0,5.7,-0.07666666666666666,3.0674740064035086,0.0,1.0
20580.0,5.716666666666667,-0.07666666666666666,3.0689561103679948,0.0,1.0
20640.0,5.733333333333333,-0.07666666666666666,3.0704344141425155,0.0,1.0
20700.0,5.75,-0.07666666666666666,3.0719085906561525,0.0,1.0
20760.0,5.766666666666667,-0.07666666666666666,3.0733783109640096,0.0,1.0
20820.0,5.783333333333333,-0.07666666666666666,3.074843244836999,0.0,1.0
20880.0,5.8,-0.07666666666666666,3.076303061351028,0.0,1.0
20940.0,5.816666666666666,-0.07666666666666666,3.0777574294739383,0.0,1.0
21000.0,5.833333333333333,-0.07666666666666666,3.0792060186485677,0.0,1.0
21060.0,5.85,-0.07666666666666666,3.0806484993703043,0.0,1.0
21120.0,5.866666666666666,-0.07666666666666666,3.0820845437575497,0.0,1.0
21180.0,5.883333333333334,-0.07666666666666666,3.0835138261135175,0.0,1.0
21240.0,5.9,-0.07666666666666666,3.0849360234778658,0.0,1.0
21300.0,5.916666666666667,-0.07666666666666666,3.0863508161666715,0.0,1.0
21360.0,5.933333333333334,-0.07666666666666666,3.08775788829934,0.0,1.0
21420.0,5.95,-0.07666666666666666,3.0891569283111044,0.0,1.0
21480.0,5.966666666666667,-0.07666666666666666,3.0905476294498064,0.0,1.0
21540.0,5.983333333333333,-0.07666666666666666,3.091929690255766,0.0,1.0
21600.0,6.0,-0.07666666666666666,3.0933028150235886,0.0,1.0
21660.0,6.016666666666667,-0.07666666666666666,3.094666714244881,0.0,1.0
21720.0,6.033333333333333,-0.07666666666666666,3.096021105030877,0.0,1.0
21780.0,6.05,-0.07666666666666666,3.0973657115141373,0.0,1.0
21840.0,6.066666666666666,-0.07666666666666666,3.098700265228513,0.0,1.0
21900.0,6.083333333333333,-0.07666666666666666,3.1000245054666977,0.0,1.0
21960.0,6.1,-0.07666666666666666,3.101338179614784,0.0,1.0
22020.0,6.116666666666666,-0.07666666666666666,3.102641043463317,0.0,1.0
22080.0,6.133333333333334,-0.07666666666666666,3.1039328614944726,0.0,1.0
22140.0,6.15,-0.07666666666666666,3.10521340714503,0.0,1.0
22200.0,6.166666666666667,-0.07666666666666666,3.1064824630449768,0.0,1.0
22260.0,6.183333333333334,-0.07666666666666666,3.1077398212316085,0.0,1.0
22320.0,6.2,-0.07666666666666666,3.108985283339115,0.0,1.0
22380.0,6.216666666666667,-0.07666666666666666,3.110218660763752,0.0,1.0
22440.0,6.233333333333333,-0.07666666666666666,3.1114397748047193,0.0,1.0
22500.0,6.25,-0.07666666666666666,3.1126484567810446,0.0,1.0
22560.0,6.266666666666667,-0.07666666666666666,3.113844548124747,0.0,1.0
22620.0,6.283333333333333,-0.07666666666666666,3.115027900450723,0.0,1.0
22680.0,6.3,-0.07666666666666666,3.116198375603813,0.0,1.0
22740.0,6.316666666666666,-0.07666666666666666,3.1173558456835884,0.0,1.0
22800.0,6.333333333333333,-0.07666666666666666,3.1185001930474723,0.0,1.0
22860.0,6.35,-0.07666666666666666,3.11963131029284,0.0,1.0
22920.0,6.366666666666666,-0.07666666666666666,3.1207491002188275,0.0,1.0
22980.0,6.383333333333334,-0.07666666666666666,3.121853475768593,0.0,1.0
23040.0,6.4,-0.07666666666666666,3.1229443599528475,0.0,1.0
23100.0,6.416666666666667,-0.07666666666666666,3.124021685755464,0.0,1.0
23160.0,6.433333333333334,-0.07666666666666666,3.12508539602207,0.0,1.0
23220.0,6.45,-0.07666666666666666,3.1261354433324824,0.0,1.0
23280.0,6.466666666666667,-0.07666666666666666,3.127171789857915,0.0,1.0
23340.0,6.483333333333333,-0.07666666666666666,3.1281944072038903,0.0,1.0
23400.0,6.5,-0.07666666666666666,3.1292032762397817,0.0,1.0
23460.0,6.516666666666667,-0.07666666666666666,3.1301983869159504,0.0,1.0
23520.0,6.533333333333333,-0.07666666666666666,3.1311797380694113,0.0,1.0
23580.0,6.55,-0.07666666666666666,3.1321473372189828,0.0,1.0
23640.0,6.566666666666666,-0.07666666666666666,3.1331012003508523,0.0,1.0
23700.0,6.583333333333333,-0.07666666666666666,3.134041351695497,0.0,1.0
23760.0,6.6,-0.07666666666666666,3.134967823496877,0.0,1.0
23820.0,6.616666666666666,-0.07666666666666666,3.135880655774783,0.0,1.0
23880.0,6.633333333333334,-0.07666666666666666,3.1367798960812467,0.0,1.0
23940.0,6.65,-0.07666666666666666,3.1376655992518514,0.0,1.0
24000.0,6.666666666666667,-0.07666666666666666,3.1385378271527866,0.0,1.0
24060.0,6.683333333333334,-0.07666666666666666,3.1393966484244507,0.0,1.0
24120.0,6.7,-0.07666666666666666,3.140242138222382,0.0,1.0
24180.0,6.716666666666667,-0.07666666666666666,3.1410743779562704,0.0,1.0
24240.0,6.733333333333333,-0.07666666666666666,3.1418934550277595,0.0,1.0
24300.0,6.75,-0.07666666666666666,3.1426994625677263,0.0,1.0
24360.0,6.766666666666667,-0.07666666666666666,3.1434924991737008,0.0,1.0
24420.0,6.783333333333333,-0.07666666666666666,3.144272668648023,0.0,1.0
24480.0,6.8,-0.07666666666666666,3.1450400797373392,0.0,1.0
24540.0,6.816666666666666,-0.07666666666666666,3.1457948458739686,0.0,1.0
24600.0,6.833333333333333,-0.07666666666666666,3.1465370849196725,0.0,1.0
24660.0,6.85,-0.07666666666666666,3.1472669189122824,0.0,1.0
24720.0,6.866666666666666,-0.07666666666666666,3.147984473815646,0.0,1.0
24780.0,6.883333333333334,-0.07666666666666666,3.1486898792732974,0.0,1.0
24840.0,6.9,-0.07666666666666666,3.1493832683662264,0.0,1.0
24900.0,6.916666666666667,-0.07666666666666666,3.1500647773750794,0.0,1.0
24960.0,6.933333333333334,-0.07666666666666666,3.1507345455471314,0.0,1.0
25020.0,6.95,-0.07666666666666666,3.1513927148682694,0.0,1.0
25080.0,6.966666666666667,-0.07666666666666666,3.1520394298402703,0.0,1.0
25140.0,6.983333333333333,-0.07666666666666666,3.152674837263578,0.0,1.0
25200.0,7.0,-0.07666666666666666,3.153299086025763,0.0,1.0
25260.0,7.016666666666667,-0.07666666666666666,3.153912326895854,0.0,1.0
25320.0,7.033333333333333,-0.07666666666666666,3.1545147123246493,0.0,1.0
25380.0,7.05,-0.07666666666666666,3.1551063962511483,0.0,1.0
25440.0,7.066666666666666,-0.07666666666666666,3.1556875339151755,0.0,1.0
25500.0,7.083333333333333,-0.07666666666666666,3.156258281676275,0.0,1.0
25560.0,7.1,-0.07666666666666666,3.1568187968389148,0.0,1.0
25620.0,7.116666666666666,-0.07666666666666666,3.1573692374840387,0.0,1.0
25680.0,7.133333333333334,-0.07666666666666666,3.157909762306957,0.0,1.0
25740.0,7.15,-0.07666666666666666,3.1584405304615895,0.0,1.0
25800.0,7.166666666666667,-0.07666666666666666,3.1589617014110103,0.0,1.0
25860.0,7.183333333333334,-0.07666666666666666,3.1594734347842834,0.0,1.0
25920.0,7.2,-0.07666666666666666,3.1599758902395023,0.0,1.0
25980.0,7.216666666666667,-0.07666666666666666,3.1604692273329973,0.0,1.0
26040.0,7.233333333333333,-0.07666666666666666,3.160953605394611,0.0,1.0
26100.0,7.25,-0.07666666666666666,3.161429183408969,0.0,1.0
26160.0,7.266666666666667,-0.07666666666666666,3.161896119902631,0.0,1.0
26220.0,7.283333333333333,-0.07666666666666666,3.162354572837027,0.0,1.0
26280.0,7.3,-0.07666666666666666,3.162804699507069,0.0,1.0
26340.0,7.316666666666666,-0.07666666666666666,3.1632466564452932,0.0,1.0
26400.0,7.333333333333333,-0.07666666666666666,3.163680599331436,0.0,1.0
26460.0,7.35,-0.07666666666666666,3.1641066829072853,0.0,1.0
26520.0,7.366666666666666,-0.07666666666666666,3.1645250608966924,0.0,1.0
26580.0,7.383333333333334,-0.07666666666666666,3.1649358859305807,0.0,1.0
26640.0,7.4,-0.07666666666666666,3.165339309476832,0.0,1.0
26700.0,7.416666666666667,-0.07666666666666666,3.1657354817748846,0.0,1.0
26760.0,7.433333333333334,-0.07666666666666666,3.1661245517749115,0.0,1.0
26820.0,7.45,-0.07666666666666666,3.166506667081416,0.0,1.0
26880.0,7.466666666666667,-0.07666666666666666,3.1668819739011105,0.0,1.0
26940.0,7.483333333333333,-0.07666666666666666,3.1672506169949135,0.0,1.0
27000.0,7.5,-0.07666666666666666,3.1676127396339306,0.0,1.0
27060.0,7.516666666666667,-0.07666666666666666,3.167968483559256,0.0,1.0
27120.0,7.533333333333333,-0.07666666666666666,3.168317988945466,0.0,1.0
27180.0,7.55,-0.07666666666666666,3.1686613943676334,0.0,1.0
27240.0,7.566666666666666,-0.07666666666666666,3.1689988367717485,0.0,1.0
27300.0,7.583333333333333,-0.07666666666666666,3.1693304514483693,0.0,1.0
27360.0,7.6,-0.07666666666666666,3.169656372009403,0.0,1.0
27420.0,7.616666666666666,-0.07666666666666666,3.169976730367832,0.0,1.0
27480.0,7.633333333333334,-0.07666666666666666,3.170291656720294,0.0,1.0
27540.0,7.65,-0.07666666666666666,3.170601279532356,0.0,1.0
27600.0,7.666666666666667,-0.07666666666666666,3.1709057255263593,0.0,1.0
27660.0,7.683333333333334,-0.07666666666666666,3.1712051196717193,0.0,1.0
27720.0,7.7,-0.07666666666666666,3.1714995851775334,0.0,1.0
27780.0,7.716666666666667,-0.07666666666666666,3.17178924348741,0.0,1.0
27840.0,7.733333333333333,-0.07666666666666666,3.1720742142763614,0.0,1.0
27900.0,7.75,-0.07666666666666666,3.1723546154496907,0.0,1.0
27960.0,7.766666666666667,-0.07666666666666666,3.172630563143725,0.0,1.0
28020.0,7.783333333333333,-0.07666666666666666,3.172902171728308,0.0,1.0
28080.0,7.8,-0.07666666666666666,3.1731695538109492,0.0,1.0
28140.0,7.816666666666666,-0.07666666666666666,3.1734328202425184,0.0,1.0
28200.0,7.833333333333333,-0.07666666666666666,3.1736920801244004,0.0,1.0
28260.0,7.85,-0.07666666666666666,3.173947440817011,0.0,1.0
28320.0,7.866666666666666,-0.07666666666666666,3.1741990079495883,0.0,1.0
28380.0,7.883333333333334,-0.07666666666666666,3.1744468854311627,0.0,1.0
28440.0,7.9,-0.07666666666666666,3.1746911754626446,0.0,1.0
28500.0,7.916666666666667,-0.07666666666666666,3.174931978549923,0.0,1.0
28560.0,7.933333333333334,-0.07666666666666666,3.175169393517919,0.0,1.0
28620.0,7.95,-0.07666666666666666,3.175403517525512,0.0,1.0
28680.0,7.966666666666667,-0.07666666666666666,3.1756344460812693,0.0,1.0
28740.0,7.983333333333333,-0.07666666666666666,3.1758622730599138,0.0,1.0
28800.0,8.0,-0.07666666666666666,3.1760870907194616,0.0,1.0
28860.0,8.016666666666667,-0.07666666666666666,3.1763089897189745,0.0,1.0
28920.0,8.033333333333333,-0.07666666666666666,3.17652805913686,0.0,1.0
28980.0,8.05,-0.07666666666666666,3.1767443864896747,0.0,1.0
29040.0,8.066666666666666,-0.07666666666666666,3.176958057751359,0.0,1.0
29100.0,8.083333333333334,-0.07666666666666666,3.17716915737288,0.0,1.0
29160.0,8.1,-0.07666666666666666,3.1773777683022053,0.0,1.0
29220.0,8.116666666666667,-0.07666666666666666,3.1775839720045815,0.0,1.0
29280.0,8.133333333333333,-0.07666666666666666,3.177787848483069,0.0,1.0
29340.0,8.15,-0.07666666666666666,3.1779894762992824,0.0,1.0
29400.0,8.166666666666666,-0.07666666666666666,3.1781889325943204,0.0,1.0
29460.0,8.183333333333334,-0.07666666666666666,3.178386293109817,0.0,1.0
29520.0,8.2,-0.07666666666666666,3.1785816322091094,0.0,1.0
29580.0,8.216666666666667,-0.07666666666666666,3.1787750228984635,0.0,1.0
29640.0,8.233333333333333,-0.07666666666666666,3.1789665368483533,0.0,1.0
29700.0,8.25,-0.07666666666666666,3.1791562444147354,0.0,1.0
29760.0,8.266666666666667,-0.07666666666666666,3.179344214660315,0.0,1.0
29820.0,8.283333333333333,-0.07666666666666666,3.179530515375767,0.0,1.0
29880.0,8.3,-0.07666666666666666,3.179715213100884,0.0,1.0
29940.0,8.316666666666666,-0.07666666666666666,3.17989837314564,0.0,1.0
30000.0,8.333333333333334,-0.07666666666666666,3.180080059611139,0.0,1.0
30060.0,8.35,-0.07666666666666666,3.1802603354104373,0.0,1.0
30120.0,8.366666666666667,-0.07666666666666666,3.180439262289201,0.0,1.0
30180.0,8.383333333333333,-0.07666666666666666,3.1806169008462133,0.0,1.0
30240.0,8.4,-0.07666666666666666,3.1807933105536894,0.0,1.0
30300.0,8.416666666666666,-0.07666666666666666,3.1809685497773947,0.0,1.0
30360.0,8.433333333333334,-0.07666666666666666,3.1811426757965453,0.0,1.0
30420.0,8.45,-0.07666666666666666,3.181315744823495,0.0,1.0
30480.0,8.466666666666667,-0.07666666666666666,3.1814878120231773,0.0,1.0
30540.0,8.483333333333333,-0.07666666666666666,3.1816589315322976,0.0,1.0
30600.0,8.5,-0.07666666666666666,3.181829156478278,0.0,1.0
30660.0,8.516666666666667,-0.07666666666666666,3.1819985389979264,0.0,1.0
30720.0,8.533333333333333,-0.07666666666666666,3.1821671302558374,0.0,1.0
30780.0,8.55,-0.07666666666666666,3.1823349804625067,0.0,1.0
30840.0,8.566666666666666,-0.07666666666666666,3.1825021388921595,0.0,1.0
30900.0,8.583333333333334,-0.07666666666666666,3.182668653900285,0.0,1.0
30960.0,8.6,-0.07666666666666666,3.182834572940872,0.0,1.0
31020.0,8.616666666666667,-0.07666666666666666,3.182999942583333,0.0,1.0
31080.0,8.633333333333333,-0.07666666666666666,3.1831648085291326,0.0,1.0
31140.0,8.65,-0.07666666666666666,3.183329215628092,0.0,1.0
31200.0,8.666666666666666,-0.07666666666666666,3.183493207894384,0.0,1.0
31260.0,8.683333333333334,-0.07666666666666666,3.1836568285222104,0.0,1.0
31320.0,8.7,-0.07666666666666666,3.1838201199011604,0.0,1.0
31380.0,8.716666666666667,-0.07666666666666666,3.1839831236312452,0.0,1.0
31440.0,8.733333333333333,-0.07666666666666666,3.184145880537613,0.0,1.0
31500.0,8.75,-0.07666666666666666,3.1843084306849416,0.0,1.0
31560.0,8.766666666666667,-0.07666666666666666,3.1844708133915036,0.0,1.0
31620.0,8.783333333333333,-0.07666666666666666,3.184633067242916,0.0,1.0
31680.0,8.8,-0.07666666666666666,3.184795230105553,0.0,1.0
31740.0,8.816666666666666,-0.07666666666666666,3.1849573391396557,0.0,1.0
31800.0,8.833333333333334,-0.07666666666666666,3.1851194308121027,0.0,1.0
31860.0,8.85,-0.07666666666666666,3.185281540908866,0.0,1.0
31920.0,8.866666666666667,-0.07666666666666666,3.1854437045471564,0.0,1.0
31980.0,8.883333333333333,-0.07666666666666666,3.1856059561872354,0.0,1.0
32040.0,8.9,-0.07666666666666666,3.1857683296439268,0.0,1.0
32100.0,8.916666666666666,-0.07666666666666666,3.1859308580978003,0.0,1.0
32160.0,8.933333333333334,-0.07666666666666666,3.1860935741060614,0.0,1.0
32220.0,8.95,-0.07666666666666666,3.186256509613112,0.0,1.0
32280.0,8.966666666666667,-0.07666666666666666,3.186419695960823,0.0,1.0
32340.0,8.983333333333333,-0.07666666666666666,3.186583163898492,0.0,1.0
32400.0,9.0,-0.07666666666666666,3.1867469435925067,0.0,1.0
32460.0,9.016666666666667,-0.07666666666666666,3.186911064635704,0.0,1.0
32520.0,9.033333333333333,-0.07666666666666666,3.187075556056443,0.0,1.0
32580.0,9.05,-0.07666666666666666,3.1872404463273827,0.0,1.0
32640.0,9.066666666666666,-0.07666666666666666,3.187405763373967,0.0,1.0
32700.0,9.083333333333334,-0.07666666666666666,3.187571534582639,0.0,1.0
32760.0,9.1,-0.07666666666666666,3.187737786808758,0.0,1.0
32820.0,9.116666666666667,-0.07666666666666666,3.1879045463842557,0.0,1.0
32880.0,9.133333333333333,-0.07666666666666666,3.188071839125007,0.0,1.0
32940.0,9.15,-0.07666666666666666,3.188239690337938,0.0,1.0
33000.0,9.166666666666666,-0.07666666666666666,3.1884081248278684,0.0,1.0
33060.0,9.183333333333334,-0.07666666666666666,3.1885771669040897,0.0,1.0
33120.0,9.2,-0.07666666666666666,3.1887468403866897,0.0,1.0
33180.0,9.216666666666667,-0.07666666666666666,3.188917168612621,0.0,1.0
33240.0,9.233333333333333,-0.07666666666666666,3.1890881744415256,0.0,1.0
33300.0,9.25,-0.07666666666666666,3.1892598802613032,0.0,1.0
33360.0,9.266666666666667,-0.07666666666666666,3.189432307993456,0.0,1.0
33420.0,9.283333333333333,-0.07666666666666666,3.1896054790981867,0.0,1.0
33480.0,9.3,-0.07666666666666666,3.189779414579262,0.0,1.0
33540.0,9.316666666666666,-0.07666666666666666,3.1899541349886618,0.0,1.0
33600.0,9.333333333333334,-0.07666666666666666,3.1901296604309914,0.0,1.0
33660.0,9.35,-0.07666666666666666,3.1903060105676873,0.0,1.0
33720.0,9.366666666666667,-0.07666666666666666,3.190483204621,0.0,1.0
33780.0,9.383333333333333,-0.07666666666666666,3.1906612613777736,0.0,1.0
33840.0,9.4,-0.07666666666666666,3.190840199193021,0.0,1.0
33900.0,9.416666666666666,-0.07666666666666666,3.1910200359932928,0.0,1.0
33960.0,9.433333333333334,-0.07666666666666666,3.191200789279862,0.0,1.0
34020.0,9.45,-0.07666666666666666,3.1913824761317087,0.0,1.0
34080.0,9.466666666666667,-0.07666666666666666,3.19156511320832,0.0,1.0
34140.0,9.483333333333333,-0.07666666666666666,3.1917487167523166,0.0,1.0
34200.0,9.5,-0.07666666666666666,3.1919333025918952,0.0,1.0
34260.0,9.516666666666667,-0.07666666666666666,3.192118886143103,0.0,1.0
34320.0,9.533333333333333,-0.07666666666666666,3.1923054824119457,0.0,1.0
34380.0,9.55,-0.07666666666666666,3.1924931059963315,0.0,1.0
34440.0,9.566666666666666,-0.07666666666666666,3.1926817710878646,0.0,1.0
34500.0,9.583333333333334,-0.07666666666666666,3.192871491473476,0.0,1.0
34560.0,9.6,-0.07666666666666666,3.19306228053692,0.0,1.0
34620.0,9.616666666666667,-0.07666666666666666,3.193254151260119,0.0,1.0
34680.0,9.633333333333333,-0.07666666666666666,3.193447116224378,0.0,1.0
34740.0,9.65,-0.07666666666666666,3.1936411876114628,0.0,1.0
34800.0,9.666666666666666,-0.07666666666666666,3.1938363772045504,0.0,1.0
34860.0,9.683333333333334,-0.07666666666666666,3.1940326963890646,0.0,1.0
34920.0,9.7,-0.07666666666666666,3.1942301561533886,0.0,1.0
34980.0,9.716666666666667,-0.07666666666666666,3.1944287670894655,0.0,1.0
35040.0,9.733333333333333,-0.07666666666666666,3.1946285393932965,0.0,1.0
35100.0,9.75,-0.07666666666666666,3.194829482865335,0.0,1.0
35160.0,9.766666666666667,-0.07666666666666666,3.195031606910787,0.0,1.0
35220.0,9.783333333333333,-0.07666666666666666,3.1952349205398143,0.0,1.0
35280.0,9.8,-0.07666666666666666,3.195439432367658,0.0,1.0
35340.0,9.816666666666666,-0.07666666666666666,3.1956451506146797,0.0,1.0
35400.0,9.833333333333334,-0.07666666666666666,3.1958520831063284,0.0,1.0
35460.0,9.85,-0.07666666666666666,3.196060237273028,0.0,1.0
35520.0,9.866666666666667,-0.07666666666666666,3.196269620150017,0.0,1.0
35580.0,9.883333333333333,-0.07666666666666666,3.196480238377112,0.0,1.0
35640.0,9.9,-0.07666666666666666,3.196692098198426,0.0,1.0
35700.0,9.916666666666666,-0.07666666666666666,3.1969052054620315,0.0,1.0
35760.0,9.933333333333334,-0.07666666666666666,3.19711956561959,0.0,1.0
35820.0,9.95,-0.07666666666666666,3.197335183725927,0.0,1.0
35880.0,9.966666666666667,-0.07666666666666666,3.1975520644385864,0.0,1.0
35940.0,9.983333333333333,-0.07666666666666666,3.1977702120173532,0.0,1.0
36000.0,10.0,-0.07666666666666666,3.1979896303237516,0.0,1.0
36060.0,10.016666666666667,-0.07666666666666666,3.1982103228205263,0.0,1.0
36120.0,10.033333333333333,-0.07666666666666666,3.1984322925711113,0.0,1.0
36180.0,10.05,-0.07666666666666666,3.198655542239094,0.0,1.0
36240.0,10.066666666666666,-0.07666666666666666,3.198880074087673,0.0,1.0
36300.0,10.083333333333334,-0.07666666666666666,3.1991058899791214,0.0,1.0
36360.0,10.1,-0.07666666666666666,3.199332991374263,0.0,1.0
36420.0,10.116666666666667,-0.07666666666666666,3.199561379331954,0.0,1.0
36480.0,10.133333333333333,-0.07666666666666666,3.199791054508588,0.0,1.0
36540.0,10.15,-0.07666666666666666,3.200022017157632,0.0,1.0
36600.0,10.166666666666666,-0.07666666666666666,3.2002542671291736,0.0,1.0
36660.0,10.183333333333334,-0.07666666666666666,3.2004878038695233,0.0,1.0
36720.0,10.2,-0.07666666666666666,3.200722626420838,0.0,1.0
36780.0,10.216666666666667,-0.07666666666666666,3.200958733420807,0.0,1.0
36840.0,10.233333333333333,-0.07666666666666666,3.201196123102367,0.0,1.0
36900.0,10.25,-0.07666666666666666,3.2014347932934895,0.0,1.0
36960.0,10.266666666666667,-0.07666666666666666,3.201674741417016,0.0,1.0
37020.0,10.283333333333333,-0.07666666666666666,3.2019159644905613,0.0,1.0
37080.0,10.3,-0.07666666666666666,3.202158459126485,0.0,1.0
37140.0,10.316666666666666,-0.07666666666666666,3.2024022215319374,0.0,1.0
37200.0,10.333333333333334,-0.07666666666666666,3.202647247508977,0.0,1.0
37260.0,10.35,-0.07666666666666666,3.2028935324547807,0.0,1.0
37320.0,10.366666666666667,-0.07666666666666666,3.2031410713619346,0.0,1.0
37380.0,10.383333333333333,-0.07666666666666666,3.203389858818814,0.0,1.0
37440.0,10.4,-0.07666666666666666,3.203639889010065,0.0,1.0
37500.0,10.416666666666666,-0.07666666666666666,3.2038911557171814,0.0,1.0
37560.0,10.433333333333334,-0.07666666666666666,3.2041436523191877,0.0,1.0
37620.0,10.45,-0.07666666666666666,3.2043973717934278,0.0,1.0
37680.0,10.466666666666667,-0.07666666666666666,3.2046523067164703,0.0,1.0
37740.0,10.483333333333333,-0.07666666666666666,3.204908449265121,0.0,1.0
37800.0,10.5,-0.07666666666666666,3.205165791217565,0.0,1.0
37860.0,10.516666666666667,-0.07666666666666666,3.2054243239546225,0.0,1.0
37920.0,10.533333333333333,-0.07666666666666666,3.205684038461137,0.0,1.0
37980.0,10.55,-0.07666666666666666,3.2059449253274903,0.0,1.0
38040.0,10.566666666666666,-0.07666666666666666,3.2062069747512507,0.0,1.0
38100.0,10.583333333333334,-0.07666666666666666,3.2064701765389576,0.0,1.0
38160.0,10.6,-0.07666666666666666,3.206734520108046,0.0,1.0
38220.0,10.616666666666667,-0.07666666666666666,3.2069999944889083,0.0,1.0
38280.0,10.633333333333333,-0.07666666666666666,3.207266588327104,0.0,1.0
38340.0,10.65,-0.07666666666666666,3.207534289885719,0.0,1.0
38400.0,10.666666666666666,-0.07666666666666666,3.2078030870478655,0.0,1.0
38460.0,10.683333333333334,-0.07666666666666666,3.2080729673193384,0.0,1.0
38520.0,10.7,-0.07666666666666666,3.2083439178314284,0.0,1.0
38580.0,10.716666666666667,-0.07666666666666666,3.2086159253438784,0.0,1.0
38640.0,10.733333333333333,-0.07666666666666666,3.2088889762480104,0.0,1.0
38700.0,10.75,-0.07666666666666666,3.2091630565700004,0.0,1.0
38760.0,10.766666666666667,-0.07666666666666666,3.2094381519743176,0.0,1.0
38820.0,10.783333333333333,-0.07666666666666666,3.2097142477673204,0.0,1.0
38880.0,10.8,-0.07666666666666666,3.2099913289010207,0.0,1.0
38940.0,10.816666666666666,-0.07666666666666666,3.2102693799769995,0.0,1.0
39000.0,10.833333333333334,-0.07666666666666666,3.2105483852504997,0.0,1.0
39060.0,10.85,-0.07666666666666666,3.2108283286346655,0.0,1.0
39120.0,10.866666666666667,-0.07666666666666666,3.2111091937049605,0.0,1.0
39180.0,10.883333333333333,-0.07666666666666666,3.211390963703735,0.0,1.0
39240.0,10.9,-0.07666666666666666,3.2116736215449713,0.0,1.0
39300.0,10.916666666666666,-0.07666666666666666,3.2119571498191815,0.0,1.0
39360.0,10.933333333333334,-0.07666666666666666,3.2122415307984666,0.0,1.0
39420.0,10.95,-0.07666666666666666,3.212526746441744,0.0,1.0
39480.0,10.966666666666667,-0.07666666666666666,3.21281277840013,0.0,1.0
39540.0,10.983333333333333,-0.07666666666666666,3.213099608022484,0.0,1.0
39600.0,11.0,-0.07666666666666666,3.2133872163611086,0.0,1.0
39660.0,11.016666666666667,-0.07666666666666666,3.2136755841776075,0.0,1.0
39720.0,11.033333333333333,-0.07666666666666666,3.2139646919488998,0.0,1.0
39780.0,11.05,-0.07666666666666666,3.2142545198733776,0.0,1.0
39840.0,11.066666666666666,-0.07666666666666666,3.214545047877227,0.0,1.0
39900.0,11.083333333333334,-0.07666666666666666,3.214836255620884,0.0,1.0
39960.0,11.1,-0.07666666666666666,3.2151281225056483,0.0,1.0
40020.0,11.116666666666667,-0.07666666666666666,3.21542062768043,0.0,1.0
40080.0,11.133333333333333,-0.07666666666666666,3.2157137500486375,0.0,1.0
40140.0,11.15,-0.07666666666666666,3.2160074682752082,0.0,1.0
40200.0,11.166666666666666,-0.07666666666666666,3.2163017607937627,0.0,1.0
40260.0,11.183333333333334,-0.07666666666666666,3.2165966058138986,0.0,1.0
40320.0,11.2,-0.07666666666666666,3.2168919813286,0.0,1.0
40380.0,11.216666666666667,-0.07666666666666666,3.217187865121781,0.0,1.0
40440.0,11.233333333333333,-0.07666666666666666,3.217484234775937,0.0,1.0
40500.0,11.25,-0.07666666666666666,3.217781067679915,0.0,1.0
40560.0,11.266666666666667,-0.07666666666666666,3.218078341036793,0.0,1.0
40620.0,11.283333333333333,-0.07666666666666666,3.2183760318718635,0.0,1.0
40680.0,11.3,-0.07666666666666666,3.218674117040721,0.0,1.0
40740.0,11.316666666666666,-0.07666666666666666,3.218972573237442,0.0,1.0
40800.0,11.333333333333334,-0.07666666666666666,3.2192713770028543,0.0,1.0
40860.0,11.35,-0.07666666666666666,3.219570504732901,0.0,1.0
40920.0,11.366666666666667,-0.07666666666666666,3.219869932687071,0.0,1.0
40980.0,11.383333333333333,-0.07666666666666666,3.2201696369969217,0.0,1.0
41040.0,11.4,-0.07666666666666666,3.220469593674659,0.0,1.0
41100.0,11.416666666666666,-0.07666666666666666,3.220769778621786,0.0,1.0
41160.0,11.433333333333334,-0.07666666666666666,3.2210701676378144,0.0,1.0
41220.0,11.45,-0.07666666666666666,3.221370736429023,0.0,1.0
41280.0,11.466666666666667,-0.07666666666666666,3.221671460617269,0.0,1.0
41340.0,11.483333333333333,-0.07666666666666666,3.221972315748841,0.0,1.0
41400.0,11.5,-0.07666666666666666,3.222273277303339,0.0,1.0
41460.0,11.516666666666667,-0.07666666666666666,3.2225743207026007,0.0,1.0
41520.0,11.533333333333333,-0.07666666666666666,3.2228754213196376,0.0,1.0
41580.0,11.55,-0.07666666666666666,3.2231765544875923,0.0,1.0
41640.0,11.566666666666666,-0.07666666666666666,3.2234776955087168,0.0,1.0
41700.0,11.583333333333334,-0.07666666666666666,3.2237788196633397,0.0,1.0
41760.0,11.6,-0.07666666666666666,3.224079902218849,0.0,1.0
41820.0,11.616666666666667,-0.07666666666666666,3.2243809184386576,0.0,1.0
41880.0,11.633333333333333,-0.07666666666666666,3.224681843591162,0.0,1.0
41940.0,11.65,-0.07666666666666666,3.2249826529586807,0.0,1.0
42000.0,11.666666666666666,-0.07666666666666666,3.2252833218463626,0.0,1.0
42060.0,11.683333333333334,-0.07666666666666666,3.2255838255910745,0.0,1.0
42120.0,11.7,-0.07666666666666666,3.2258841395702396,0.0,1.0
42180.0,11.716666666666667,-0.07666666666666666,3.2261842392106397,0.0,1.0
42240.0,11.733333333333333,-0.07666666666666666,3.2264840999971662,0.0,1.0
42300.0,11.75,-0.07666666666666666,3.2267836974815203,0.0,1.0
42360.0,11.766666666666667,-0.07666666666666666,3.2270830072908367,0.0,1.0
42420.0,11.783333333333333,-0.07666666666666666,3.2273820051362634,0.0,1.0
42480.0,11.8,-0.07666666666666666,3.227680666821444,0.0,1.0
42540.0,11.816666666666666,-0.07666666666666666,3.2279789682509423,0.0,1.0
42600.0,11.833333333333334,-0.07666666666666666,3.2282768854385684,0.0,1.0
42660.0,11.85,-0.07666666666666666,3.2285743945156216,0.0,1.0
42720.0,11.866666666666667,-0.07666666666666666,3.228871471739035,0.0,1.0
42780.0,11.883333333333333,-0.07666666666666666,3.229168093499424,0.0,1.0
42840.0,11.9,-0.07666666666666666,3.2294642363290214,0.0,1.0
42900.0,11.916666666666666,-0.07666666666666666,3.229759876909513,0.0,1.0
42960.0,11.933333333333334,-0.07666666666666666,3.230054992079743,0.0,1.0
43020.0,11.95,-0.07666666666666666,3.230349558843312,0.0,1.0
43080.0,11.966666666666667,-0.07666666666666666,3.2306435543760417,0.0,1.0
43140.0,11.983333333333333,-0.07666666666666666,3.2309369560333145,0.0,1.0
43200.0,12.0,-0.07666666666666666,3.2312297413572733,0.0,1.0
43260.0,12.016666666666667,-0.07666666666666666,3.2315218880838885,0.0,1.0
43320.0,12.033333333333333,-0.07666666666666666,3.2318133741498816,0.0,1.0
43380.0,12.05,-0.07666666666666666,3.2321041776994965,0.0,1.0
43440.0,12.066666666666666,-0.07666666666666666,3.2323942770911285,0.0,1.0
43500.0,12.083333333333334,-0.07666666666666666,3.2326836509037937,0.0,1.0
43560.0,12.1,-0.07666666666666666,3.2329722779434453,0.0,1.0
43620.0,12.116666666666667,-0.07666666666666666,3.2332601372491254,0.0,1.0
43680.0,12.133333333333333,-0.07666666666666666,3.2335472080989565,0.0,1.0
43740.0,12.15,-0.07666666666666666,3.2338334700159646,0.0,1.0
43800.0,12.166666666666666,-0.07666666666666666,3.2341189027737296,0.0,1.0
43860.0,12.183333333333334,-0.07666666666666666,3.234403486401876,0.0,1.0
43920.0,12.2,-0.07666666666666666,3.234687201191374,0.0,1.0
43980.0,12.216666666666667,-0.07666666666666666,3.2349700276996733,0.0,1.0
44040.0,12.233333333333333,-0.07666666666666666,3.2352519467556586,0.0,1.0
44100.0,12.25,-0.07666666666666666,3.2355329394644223,0.0,1.0
44160.0,12.266666666666667,-0.07666666666666666,3.235812987211855,0.0,1.0
44220.0,12.283333333333333,-0.07666666666666666,3.2360920716690558,0.0,1.0
44280.0,12.3,-0.07666666666666666,3.236370174796554,0.0,1.0
44340.0,12.316666666666666,-0.07666666666666666,3.236647278848353,0.0,1.0
44400.0,12.333333333333334,-0.07666666666666666,3.2369233663757737,0.0,1.0
44460.0,12.35,-0.07666666666666666,3.2371984202311306,0.0,1.0
44520.0,12.366666666666667,-0.07666666666666666,3.2374724235712,0.0,1.0
44580.0,12.383333333333333,-0.07666666666666666,3.2377453598605133,0.0,1.0
44640.0,12.4,-0.07666666666666666,3.2380172128744635,0.0,1.0
44700.0,12.416666666666666,-0.07666666666666666,3.238287966702208,0.0,1.0
44760.0,12.433333333333334,-0.07666666666666666,3.2385576057494045,0.0,1.0
44820.0,12.45,-0.07666666666666666,3.238826114740741,0.0,1.0
44880.0,12.466666666666667,-0.07666666666666666,3.239093478722293,0.0,1.0
44940.0,12.483333333333333,-0.07666666666666666,3.239359683063684,0.0,1.0
45000.0,12.5,-0.07666666666666666,3.239624713460065,0.0,1.0
45060.0,12.516666666666667,-0.07666666666666666,3.2398885559339132,0.0,1.0
45120.0,12.533333333333333,-0.07666666666666666,3.2401511968366368,0.0,1.0
45180.0,12.55,-0.07666666666666666,3.24041262285001,0.0,1.0
45240.0,12.566666666666666,-0.07666666666666666,3.2406728209874154,0.0,1.0
45300.0,12.583333333333334,-0.07666666666666666,3.240931778594921,0.0,1.0
45360.0,12.6,-0.07666666666666666,3.2411894833521684,0.0,1.0
45420.0,12.616666666666667,-0.07666666666666666,3.2414459232730866,0.0,1.0
45480.0,12.633333333333333,-0.07666666666666666,3.241701086706442,0.0,1.0
45540.0,12.65,-0.07666666666666666,3.241954962336208,0.0,1.0
45600.0,12.666666666666666,-0.07666666666666666,3.2422075391817637,0.0,1.0
45660.0,12.683333333333334,-0.07666666666666666,3.2424588065979396,0.0,1.0
45720.0,12.7,-0.07666666666666666,3.2427087542748785,0.0,1.0
45780.0,12.716666666666667,-0.07666666666666666,3.242957372237756,0.0,1.0
45840.0,12.733333333333333,-0.07666666666666666,3.243204650846327,0.0,1.0
45900.0,12.75,-0.07666666666666666,3.2434505807943212,0.0,1.0
45960.0,12.766666666666667,-0.07666666666666666,3.2436951531086855,0.0,1.0
46020.0,12.783333333333333,-0.07666666666666666,3.2439383591486752,0.0,1.0
46080.0,12.8,-0.07666666666666666,3.244180190604798,0.0,1.0
46140.0,12.816666666666666,-0.07666666666666666,3.2444206394976134,0.0,1.0
46200.0,12.833333333333334,-0.07666666666666666,3.244659698176392,0.0,1.0
46260.0,12.85,-0.07666666666666666,3.244897359317634,0.0,1.0
46320.0,12.866666666666667,-0.07666666666666666,3.2451336159234576,0.0,1.0
46380.0,12.883333333333333,-0.07666666666666666,3.245368461319849,0.0,1.0
46440.0,12.9,-0.07666666666666666,3.2456018891547957,0.0,1.0
46500.0,12.916666666666666,-0.07666666666666666,3.2458338933962807,0.0,1.0
46560.0,12.933333333333334,-0.07666666666666666,3.2460644683301703,0.0,1.0
46620.0,12.95,-0.07666666666666666,3.2462936085579734,0.0,1.0
46680.0,12.966666666666667,-0.07666666666666666,3.246521308994493,0.0,1.0
46740.0,12.983333333333333,-0.07666666666666666,3.2467475648653634,0.0,1.0
46800.0,13.0,-0.07666666666666666,3.2469723717044845,0.0,1.0
46860.0,13.016666666666667,-0.07666666666666666,3.247195725351354,0.0,1.0
46920.0,13.033333333333333,-0.07666666666666666,3.2474176219482884,0.0,1.0
46980.0,13.05,-0.07666666666666666,3.247638057937566,0.0,1.0
47040.0,13.066666666666666,-0.07666666666666666,3.247857030058464,0.0,1.0
47100.0,13.083333333333334,-0.07666666666666666,3.2480745353442124,0.0,1.0
47160.0,13.1,-0.07666666666666666,3.2482905711188623,0.0,1.0
47220.0,13.116666666666667,-0.07666666666666666,3.248505134994073,0.0,1.0
47280.0,13.133333333333333,-0.07666666666666666,3.2487182248658195,0.0,1.0
47340.0,13.15,-0.07666666666666666,3.2489298389110313,0.0,1.0
47400.0,13.166666666666666,-0.07666666666666666,3.249139975584151,0.0,1.0
47460.0,13.183333333333334,-0.07666666666666666,3.2493486336136352,0.0,1.0
47520.0,13.2,-0.07666666666666666,3.249555811998392,0.0,1.0
47580.0,13.216666666666667,-0.07666666666666666,3.2497615100041486,0.0,1.0
47640.0,13.233333333333333,-0.07666666666666666,3.2499657271597724,0.0,1.0
47700.0,13.25,-0.07666666666666666,3.2501684632535386,0.0,1.0
47760.0,13.266666666666667,-0.07666666666666666,3.2503697183293396,0.0,1.0
47820.0,13.283333333333333,-0.07666666666666666,3.2505694926828577,0.0,1.0
47880.0,13.3,-0.07666666666666666,3.2507677868576943,0.0,1.0
47940.0,13.316666666666666,-0.07666666666666666,3.25096460164145,0.0,1.0
48000.0,13.333333333333334,-0.07666666666666666,3.25115993806178,0.0,1.0
48060.0,13.35,-0.07666666666666666,3.2513537973824103,0.0,1.0
48120.0,13.366666666666667,-0.07666666666666666,3.2515461810991257,0.0,1.0
48180.0,13.383333333333333,-0.07666666666666666,3.251737090935728,0.0,1.0
48240.0,13.4,-0.07666666666666666,3.2519265288399772,0.0,1.0
48300.0,13.416666666666666,-0.07666666666666666,3.2521144969795004,0.0,1.0
48360.0,13.433333333333334,-0.07666666666666666,3.252300997737698,0.0,1.0
48420.0,13.45,-0.07666666666666666,3.252486033709623,0.0,1.0
48480.0,13.466666666666667,-0.07666666666666666,3.2526696076978467,0.0,1.0
48540.0,13.483333333333333,-0.07666666666666666,3.2528517227083293,0.0,1.0
48600.0,13.5,-0.07666666666666666,3.253032381946265,0.0,1.0
48660.0,13.516666666666667,-0.07666666666666666,3.2532115888119395,0.0,1.0
48720.0,13.533333333333333,-0.07666666666666666,3.2533893468965718,0.0,1.0
48780.0,13.55,-0.07666666666666666,3.253565659978169,0.0,1.0
48840.0,13.566666666666666,-0.07666666666666666,3.2537405320173756,0.0,1.0
48900.0,13.583333333333334,-0.07666666666666666,3.2539139671533324,0.0,1.0
48960.0,13.6,-0.07666666666666666,3.254085969699539,0.0,1.0
49020.0,13.616666666666667,-0.07666666666666666,3.2542565441397358,0.0,1.0
49080.0,13.633333333333333,-0.07666666666666666,3.254425695123791,0.0,1.0
49140.0,13.65,-0.07666666666666666,3.254593427463596,0.0,1.0
49200.0,13.666666666666666,-0.07666666666666666,3.2547597461289937,0.0,1.0
49260.0,13.683333333333334,-0.07666666666666666,3.254924656243713,0.0,1.0
49320.0,13.7,-0.07666666666666666,3.255088163081321,0.0,1.0
49380.0,13.716666666666667,-0.07666666666666666,3.25525027206121,0.0,1.0
49440.0,13.733333333333333,-0.07666666666666666,3.2554109887445972,0.0,1.0
49500.0,13.75,-0.07666666666666666,3.2555703188305554,0.0,1.0
49560.0,13.766666666666667,-0.07666666666666666,3.2557282681520654,0.0,1.0
49620.0,13.783333333333333,-0.07666666666666666,3.255884842672104,0.0,1.0
49680.0,13.8,-0.07666666666666666,3.2560400484797616,0.0,1.0
49740.0,13.816666666666666,-0.07666666666666666,3.2561938917863795,0.0,1.0
49800.0,13.833333333333334,-0.07666666666666666,3.256346378921741,0.0,1.0
49860.0,13.85,-0.07666666666666666,3.2564975163302763,0.0,1.0
49920.0,13.866666666666667,-0.07666666666666666,3.256647310567315,0.0,1.0
49980.0,13.883333333333333,-0.07666666666666666,3.256795768295375,0.0,1.0
50040.0,13.9,-0.07666666666666666,3.2569428962804814,0.0,1.0
50100.0,13.916666666666666,-0.07666666666666666,3.2570887013885303,0.0,1.0
50160.0,13.933333333333334,-0.07666666666666666,3.2572331905816974,0.0,1.0
50220.0,13.95,-0.07666666666666666,3.257376370914872,0.0,1.0
50280.0,13.966666666666667,-0.07666666666666666,3.2575182495321506,0.0,1.0
50340.0,13.983333333333333,-0.07666666666666666,3.2576588336633607,0.0,1.0
50400.0,14.0,-0.07666666666666666,3.257798130620631,0.0,1.0
50460.0,14.016666666666667,-0.07666666666666666,3.2579361477950117,0.0,1.0
50520.0,14.033333333333333,-0.07666666666666666,3.2580728926531295,0.0,1.0
50580.0,14.05,-0.07666666666666666,3.258208372733895,0.0,1.0
50640.0,14.066666666666666,-0.07666666666666666,3.2583425956452547,0.0,1.0
50700.0,14.083333333333334,-0.07666666666666666,3.258475569060989,0.0,1.0
50760.0,14.1,-0.07666666666666666,3.258607300717555,0.0,1.0
50820.0,14.116666666666667,-0.07666666666666666,3.258737798410979,0.0,1.0
50880.0,14.133333333333333,-0.07666666666666666,3.2588670699938023,0.0,1.0
50940.0,14.15,-0.07666666666666666,3.2589951233720575,0.0,1.0
51000.0,14.166666666666666,-0.07666666666666666,3.259121966502318,0.0,1.0
51060.0,14.183333333333334,-0.07666666666666666,3.2592476073887737,0.0,1.0
51120.0,14.2,-0.07666666666666666,3.25937205408037,0.0,1.0
51180.0,14.216666666666667,-0.07666666666666666,3.2594953146679875,0.0,1.0
51240.0,14.233333333333333,-0.07666666666666666,3.259617397281676,0.0,1.0
51300.0,14.25,-0.07666666666666666,3.2597383100879385,0.0,1.0
51360.0,14.266666666666667,-0.07666666666666666,3.259858061287056,0.0,1.0
51420.0,14.283333333333333,-0.07666666666666666,3.2599766591104697,0.0,1.0
51480.0,14.3,-0.07666666666666666,3.2600941118182165,0.0,1.0
51540.0,14.316666666666666,-0.07666666666666666,3.260210427696399,0.0,1.0
51600.0,14.333333333333334,-0.07666666666666666,3.2603256150547186,0.0,1.0
51660.0,14.35,-0.07666666666666666,3.2604396822240496,0.0,1.0
51720.0,14.366666666666667,-0.07666666666666666,3.26055263755407,0.0,1.0
51780.0,14.383333333333333,-0.07666666666666666,3.260664489410931,0.0,1.0
51840.0,14.4,-0.07666666666666666,3.2607752461749855,0.0,1.0
51900.0,14.416666666666666,-0.07666666666666666,3.260884916238555,0.0,1.0
51960.0,14.433333333333334,-0.07666666666666666,3.2609935080037555,0.0,1.0
52020.0,14.45,-0.07666666666666666,3.261101029880362,0.0,1.0
52080.0,14.466666666666667,-0.07666666666666666,3.2612074902837254,0.0,1.0
52140.0,14.483333333333333,-0.07666666666666666,3.261312897632735,0.0,1.0
52200.0,14.5,-0.07666666666666666,3.261417260347833,0.0,1.0
52260.0,14.516666666666667,-0.07666666666666666,3.261520586849064,0.0,1.0
52320.0,14.533333333333333,-0.07666666666666666,3.2616228855541847,0.0,1.0
52380.0,14.55,-0.07666666666666666,3.261724164876811,0.0,1.0
52440.0,14.566666666666666,-0.07666666666666666,3.261824433224612,0.0,1.0
52500.0,14.583333333333334,-0.07666666666666666,3.2619236989975526,0.0,1.0
52560.0,14.6,-0.07666666666666666,3.262021970586175,0.0,1.0
52620.0,14.616666666666667,-0.07666666666666666,3.262119256369929,0.0,1.0
52680.0,14.633333333333333,-0.07666666666666666,3.2622155647155457,0.0,1.0
52740.0,14.65,-0.07666666666666666,3.262310903975454,0.0,1.0
52800.0,14.666666666666666,-0.07666666666666666,3.2624052824862346,0.0,1.0
52860.0,14.683333333333334,-0.07666666666666666,3.26249870856713,0.0,1.0
52920.0,14.7,-0.07666666666666666,3.262591190518579,0.0,1.0
52980.0,14.716666666666667,-0.07666666666666666,3.2626827366208087,0.0,1.0
53040.0,14.733333333333333,-0.07666666666666666,3.2627733551324534,0.0,1.0
53100.0,14.75,-0.07666666666666666,3.262863054289224,0.0,1.0
53160.0,14.766666666666667,-0.07666666666666666,3.262951842302615,0.0,1.0
53220.0,14.783333333333333,-0.07666666666666666,3.2630397273586444,0.0,1.0
53280.0,14.8,-0.07666666666666666,3.2631267176166427,0.0,1.0
53340.0,14.816666666666666,-0.07666666666666666,3.2632128212080698,0.0,1.0
53400.0,14.833333333333334,-0.07666666666666666,3.263298046235377,0.0,1.0
53460.0,14.85,-0.07666666666666666,3.2633824007709027,0.0,1.0
53520.0,14.866666666666667,-0.07666666666666666,3.2634658928558027,0.0,1.0
53580.0,14.883333333333333,-0.07666666666666666,3.2635485304990253,0.0,1.0
53640.0,14.9,-0.07666666666666666,3.2636303216763056,0.0,1.0
53700.0,14.916666666666666,-0.07666666666666666,3.2637112743292125,0.0,1.0
53760.0,14.933333333333334,-0.07666666666666666,3.2637913963642182,0.0,1.0
53820.0,14.95,-0.07666666666666666,3.2638706956518018,0.0,1.0
53880.0,14.966666666666667,-0.07666666666666666,3.263949180025597,0.0,1.0
53940.0,14.983333333333333,-0.07666666666666666,3.264026857281553,0.0,1.0
54000.0,15.0,-0.07666666666666666,3.2641037351771494,0.0,1.0
54060.0,15.016666666666667,-0.07666666666666666,3.2641798214306204,0.0,1.0
54120.0,15.033333333333333,-0.07666666666666666,3.2642551237202335,0.0,1.0
54180.0,15.05,-0.07666666666666666,3.2643296496835714,0.0,1.0
54240.0,15.066666666666666,-0.07666666666666666,3.264403406916868,0.0,1.0
54300.0,15.083333333333334,-0.07666666666666666,3.264476402974361,0.0,1.0
54360.0,15.1,-0.07666666666666666,3.26454864536767,0.0,1.0
54420.0,15.116666666666667,-0.07666666666666666,3.264620141565214,0.0,1.0
54480.0,15.133333333333333,-0.07666666666666666,3.264690898991646,0.0,1.0
54540.0,15.15,-0.07666666666666666,3.2647609250273195,0.0,1.0
54600.0,15.166666666666666,-0.07666666666666666,3.26483022700778,0.0,1.0
54660.0,15.183333333333334,-0.07666666666666666,3.2648988122232816,0.0,1.0
54720.0,15.2,-0.07666666666666666,3.2649666879183297,0.0,1.0
54780.0,15.216666666666667,-0.07666666666666666,3.2650338612912475,0.0,1.0
54840.0,15.233333333333333,-0.07666666666666666,3.2651003394937668,0.0,1.0
54900.0,15.25,-0.07666666666666666,3.2651661296306456,0.0,1.0
54960.0,15.266666666666667,-0.07666666666666666,3.265231238759299,0.0,1.0
55020.0,15.283333333333333,-0.07666666666666666,3.2652956738894665,0.0,1.0
55080.0,15.3,-0.07666666666666666,3.26535944198289,0.0,1.0
55140.0,15.316666666666666,-0.07666666666666666,3.2654225499530183,0.0,1.0
55200.0,15.333333333333334,-0.07666666666666666,3.265485004664731,0.0,1.0
55260.0,15.35,-0.07666666666666666,3.2655468129340854,0.0,1.0
55320.0,15.366666666666667,-0.07666666666666666,3.2656079815280794,0.0,1.0
55380.0,15.383333333333333,-0.07666666666666666,3.2656685171644386,0.0,1.0
55440.0,15.4,-0.07666666666666666,3.2657284265114144,0.0,1.0
55500.0,15.416666666666666,-0.07666666666666666,3.2657877161876128,0.0,1.0
55560.0,15.433333333333334,-0.07666666666666666,3.2658463927618326,0.0,1.0
55620.0,15.45,-0.07666666666666666,3.2659044627529195,0.0,1.0
55680.0,15.466666666666667,-0.07666666666666666,3.2659619326296463,0.0,1.0
55740.0,15.483333333333333,-0.07666666666666666,3.2660188088106,0.0,1.0
55800.0,15.5,-0.07666666666666666,3.266075097664094,0.0,1.0
55860.0,15.516666666666667,-0.07666666666666666,3.266130805508088,0.0,1.0
55920.0,15.533333333333333,-0.07666666666666666,3.2661859386101315,0.0,1.0
55980.0,15.55,-0.07666666666666666,3.266240503187314,0.0,1.0
56040.0,15.566666666666666,-0.07666666666666666,3.2662945054062344,0.0,1.0
56100.0,15.583333333333334,-0.07666666666666666,3.2663479513829885,0.0,1.0
56160.0,15.6,-0.07666666666666666,3.26640084718316,0.0,1.0
56220.0,15.616666666666667,-0.07666666666666666,3.2664531988218335,0.0,1.0
56280.0,15.633333333333333,-0.07666666666666666,3.2665050122636163,0.0,1.0
56340.0,15.65,-0.07666666666666666,3.2665562934226755,0.0,1.0
56400.0,15.666666666666666,-0.07666666666666666,3.2666070481627867,0.0,1.0
56460.0,15.683333333333334,-0.07666666666666666,3.2666572822973903,0.0,1.0
56520.0,15.7,-0.07666666666666666,3.2667070015896655,0.0,1.0
56580.0,15.716666666666667,-0.07666666666666666,3.266756211752612,0.0,1.0
56640.0,15.733333333333333,-0.07666666666666666,3.266804918449142,0.0,1.0
56700.0,15.75,-0.07666666666666666,3.2668531272921886,0.0,1.0
56760.0,15.766666666666667,-0.07666666666666666,3.26690084384481,0.0,1.0
56820.0,15.783333333333333,-0.07666666666666666,3.2669480736203242,0.0,1.0
56880.0,15.8,-0.07666666666666666,3.266994822082435,0.0,1.0
56940.0,15.816666666666666,-0.07666666666666666,3.2670410946453727,0.0,1.0
57000.0,15.833333333333334,-0.07666666666666666,3.267086896674051,0.0,1.0
57060.0,15.85,-0.07666666666666666,3.267132233484222,0.0,1.0
57120.0,15.866666666666667,-0.07666666666666666,3.267177110342646,0.0,1.0
57180.0,15.883333333333333,-0.07666666666666666,3.267221532467265,0.0,1.0
57240.0,15.9,-0.07666666666666666,3.2672655050273853,0.0,1.0
57300.0,15.916666666666666,-0.07666666666666666,3.2673090331438734,0.0,1.0
57360.0,15.933333333333334,-0.07666666666666666,3.2673521218893455,0.0,1.0
57420.0,15.95,-0.07666666666666666,3.2673947762883784,0.0,1.0
57480.0,15.966666666666667,-0.07666666666666666,3.267437001317717,0.0,1.0
57540.0,15.983333333333333,-0.07666666666666666,3.2674788019064938,0.0,1.0
57600.0,16.0,-0.07666666666666666,3.267520182936449,0.0,1.0
57660.0,16.016666666666666,-0.07666666666666666,3.267561149242163,0.0,1.0
57720.0,16.033333333333335,-0.07666666666666666,3.2676017056112876,0.0,1.0
57780.0,16.05,-0.07666666666666666,3.2676418567847882,0.0,1.0
57840.0,16.066666666666666,-0.07666666666666666,3.26768160745719,0.0,1.0
57900.0,16.083333333333332,-0.07666666666666666,3.2677209622768237,0.0,1.0
57960.0,16.1,-0.07666666666666666,3.2677599258460823,0.0,1.0
58020.0,16.116666666666667,-0.07666666666666666,3.267798502721683,0.0,1.0
58080.0,16.133333333333333,-0.07666666666666666,3.2678366974149218,0.0,1.0
58140.0,16.15,-0.07666666666666666,3.267874514391951,0.0,1.0
58200.0,16.166666666666668,-0.07666666666666666,3.2679119580740426,0.0,1.0
58260.0,16.183333333333334,-0.07666666666666666,3.267949032837867,0.0,1.0
58320.0,16.2,-0.07666666666666666,3.267985743015768,0.0,1.0
58380.0,16.216666666666665,-0.07666666666666666,3.2680220928960466,0.0,1.0
58440.0,16.233333333333334,-0.07666666666666666,3.268058086723245,0.0,1.0
58500.0,16.25,-0.07666666666666666,3.26809372869843,0.0,1.0
58560.0,16.266666666666666,-0.07666666666666666,3.26812902297949,0.0,1.0
58620.0,16.283333333333335,-0.07666666666666666,3.2681639736814208,0.0,1.0
58680.0,16.3,-0.07666666666666666,3.2681985848766253,0.0,1.0
58740.0,16.316666666666666,-0.07666666666666666,3.268232860595208,0.0,1.0
58800.0,16.333333333333332,-0.07666666666666666,3.2682668048252723,0.0,1.0
58860.0,16.35,-0.07666666666666666,3.2683004215132305,0.0,1.0
58920.0,16.366666666666667,-0.07666666666666666,3.268333714564094,0.0,1.0
58980.0,16.383333333333333,-0.07666666666666666,3.2683666878417905,0.0,1.0
59040.0,16.4,-0.07666666666666666,3.268399345169459,0.0,1.0
59100.0,16.416666666666668,-0.07666666666666666,3.268431690329767,0.0,1.0
59160.0,16.433333333333334,-0.07666666666666666,3.2684637270652135,0.0,1.0
59220.0,16.45,-0.07666666666666666,3.2684954590784403,0.0,1.0
59280.0,16.466666666666665,-0.07666666666666666,3.268526890032544,0.0,1.0
59340.0,16.483333333333334,-0.07666666666666666,3.2685580235513867,0.0,1.0
59400.0,16.5,-0.07666666666666666,3.2685888632199105,0.0,1.0
59460.0,16.516666666666666,-0.07666666666666666,3.268619412584448,0.0,1.0
59520.0,16.533333333333335,-0.07666666666666666,3.2686496751530396,0.0,1.0
59580.0,16.55,-0.07666666666666666,3.268679654395744,0.0,1.0
59640.0,16.566666666666666,-0.07666666666666666,3.2687093537449576,0.0,1.0
59700.0,16.583333333333332,-0.07666666666666666,3.2687387765957268,0.0,1.0
59760.0,16.6,-0.07666666666666666,3.2687679263060616,0.0,1.0
59820.0,16.616666666666667,-0.07666666666666666,3.2687968061972574,0.0,1.0
59880.0,16.633333333333333,-0.07666666666666666,3.268825419554201,0.0,1.0
59940.0,16.65,-0.07666666666666666,3.2688537696256925,0.0,1.0
60000.0,16.666666666666668,-0.07666666666666666,3.2688818596247606,0.0,1.0
60060.0,16.683333333333334,-0.07666666666666666,3.268909692728973,0.0,1.0
60120.0,16.7,-0.07666666666666666,3.2689372720807555,0.0,1.0
60180.0,16.716666666666665,-0.07666666666666666,3.2689646007877005,0.0,1.0
60240.0,16.733333333333334,-0.07666666666666666,3.268991681922889,0.0,1.0
60300.0,16.75,-0.07666666666666666,3.269018518525194,0.0,1.0
60360.0,16.766666666666666,-0.07666666666666666,3.269045113599601,0.0,1.0
60420.0,16.783333333333335,-0.07666666666666666,3.2690714701175163,0.0,1.0
60480.0,16.8,-0.07666666666666666,3.2690975910170774,0.0,1.0
60540.0,16.816666666666666,-0.07666666666666666,3.2691234792034645,0.0,1.0
60600.0,16.833333333333332,-0.07666666666666666,3.26914913754921,0.0,1.0
60660.0,16.85,-0.07666666666666666,3.2691745688945084,0.0,1.0
60720.0,16.866666666666667,-0.07666666666666666,3.2691997760475195,0.0,1.0
60780.0,16.883333333333333,-0.07666666666666666,3.26922476178468,0.0,1.0
60840.0,16.9,-0.07666666666666666,3.269249528851007,0.0,1.0
60900.0,16.916666666666668,-0.07666666666666666,3.2692740799604025,0.0,1.0
60960.0,16.933333333333334,-0.07666666666666666,3.269298417795958,0.0,1.0
61020.0,16.95,-0.07666666666666666,3.269322545010252,0.0,1.0
61080.0,16.966666666666665,-0.07666666666666666,3.2693464642256584,0.0,1.0
61140.0,16.983333333333334,-0.07666666666666666,3.2693701780346407,0.0,1.0
61200.0,17.0,-0.07666666666666666,3.2693936890000526,0.0,1.0
61260.0,17.016666666666666,-0.07666666666666666,3.269416999655434,0.0,1.0
61320.0,17.033333333333335,-0.07666666666666666,3.2694401125053076,0.0,1.0
61380.0,17.05,-0.07666666666666666,3.2694630300254746,0.0,1.0
61440.0,17.066666666666666,-0.07666666666666666,3.2694857546633047,0.0,1.0
61500.0,17.083333333333332,-0.07666666666666666,3.26950828883803,0.0,1.0
61560.0,17.1,-0.07666666666666666,3.2695306349410354,0.0,1.0
61620.0,17.116666666666667,-0.07666666666666666,3.269552795336143,0.0,1.0
61680.0,17.133333333333333,-0.07666666666666666,3.269574772359906,0.0,1.0
61740.0,17.15,-0.07666666666666666,3.2695965683218864,0.0,1.0
61800.0,17.166666666666668,-0.07666666666666666,3.2696181855049473,0.0,1.0
61860.0,17.183333333333334,-0.07666666666666666,3.26963962616553,0.0,1.0
61920.0,17.2,-0.07666666666666666,3.269660892533934,0.0,1.0
61980.0,17.216666666666665,-0.07666666666666666,3.2696819868146,0.0,1.0
62040.0,17.233333333333334,-0.07666666666666666,3.269702911186388,0.0,1.0
62100.0,17.25,-0.07666666666666666,3.2697236678028476,0.0,1.0
62160.0,17.266666666666666,-0.07666666666666666,3.269744258792498,0.0,1.0
62220.0,17.283333333333335,-0.07666666666666666,3.2697646862590997,0.0,1.0
62280.0,17.3,-0.07666666666666666,3.2697849522819227,0.0,1.0
62340.0,17.316666666666666,-0.07666666666666666,3.2698050589160195,0.0,1.0
62400.0,17.333333333333332,-0.07666666666666666,3.2698250081924902,0.0,1.0
62460.0,17.35,-0.07666666666666666,3.2698448021187514,0.0,1.0
62520.0,17.366666666666667,-0.07666666666666666,3.269864442678798,0.0,1.0
62580.0,17.383333333333333,-0.07666666666666666,3.269883931833466,0.0,1.0
62640.0,17.4,-0.07666666666666666,3.269903271520697,0.0,1.0
62700.0,17.416666666666668,-0.07666666666666666,3.2699224636557913,0.0,1.0
62760.0,17.433333333333334,-0.07666666666666666,3.269941510131674,0.0,1.0
62820.0,17.45,-0.07666666666666666,3.2699604128191426,0.0,1.0
62880.0,17.466666666666665,-0.07666666666666666,3.269979173567128,0.0,1.0
62940.0,17.483333333333334,-0.07666666666666666,3.2699977942029412,0.0,1.0
63000.0,17.5,-0.07666666666666666,3.2700162765325294,0.0,1.0
63060.0,17.516666666666666,-0.07666666666666666,3.2700346223407246,0.0,1.0
63120.0,17.533333333333335,-0.07666666666666666,3.2700528333914862,0.0,1.0
63180.0,17.55,-0.07666666666666666,3.2700709114281556,0.0,1.0
63240.0,17.566666666666666,-0.07666666666666666,3.270088858173692,0.0,1.0
63300.0,17.583333333333332,-0.07666666666666666,3.2701066753309194,0.0,1.0
63360.0,17.6,-0.07666666666666666,3.27012436458277,0.0,1.0
63420.0,17.616666666666667,-0.07666666666666666,3.270141927592517,0.0,1.0
63480.0,17.633333333333333,-0.07666666666666666,3.270159366004019,0.0,1.0
63540.0,17.65,-0.07666666666666666,3.270176681441952,0.0,1.0
63600.0,17.666666666666668,-0.07666666666666666,3.270193875512048,0.0,1.0
63660.0,17.683333333333334,-0.07666666666666666,3.2702109498013234,0.0,1.0
63720.0,17.7,-0.07666666666666666,3.270227905878315,0.0,1.0
63780.0,17.716666666666665,-0.07666666666666666,3.270244745293306,0.0,1.0
63840.0,17.733333333333334,-0.07666666666666666,3.2702614695785583,0.0,1.0
63900.0,17.75,-0.07666666666666666,3.270278080248537,0.0,1.0
63960.0,17.766666666666666,-0.07666666666666666,3.270294578800136,0.0,1.0
64020.0,17.783333333333335,-0.07666666666666666,3.2703109667129047,0.0,1.0
64080.0,17.8,-0.07666666666666666,3.270327245449266,0.0,1.0
64140.0,17.816666666666666,-0.07666666666666666,3.2703434164547422,0.0,1.0
64200.0,17.833333333333332,-0.07666666666666666,3.2703594811581707,0.0,1.0
64260.0,17.85,-0.07666666666666666,3.2703754409719252,0.0,1.0
64320.0,17.866666666666667,-0.07666666666666666,3.2703912972921314,0.0,1.0
64380.0,17.883333333333333,-0.07666666666666666,3.270407051498882,0.0,1.0
64440.0,17.9,-0.07666666666666666,3.2704227049564536,0.0,1.0
64500.0,17.916666666666668,-0.07666666666666666,3.2704382590135146,0.0,1.0
64560.0,17.933333333333334,-0.07666666666666666,3.2704537150033426,0.0,1.0
64620.0,17.95,-0.07666666666666666,3.270469074244032,0.0,1.0
64680.0,17.966666666666665,-0.07666666666666666,3.2704843380387034,0.0,1.0
64740.0,17.983333333333334,-0.07666666666666666,3.2704995076757095,0.0,1.0
64800.0,18.0,-0.07666666666666666,3.2705145844288475,0.0,1.0
64860.0,18.016666666666666,-0.07666666666666666,3.270529569557558,0.0,1.0
64920.0,18.033333333333335,-0.07666666666666666,3.2705444643071346,0.0,1.0
64980.0,18.05,-0.07666666666666666,3.2705592699089245,0.0,1.0
65040.0,18.066666666666666,-0.07666666666666666,3.2705739875805326,0.0,1.0
65100.0,18.083333333333332,-0.07666666666666666,3.2705886185260225,0.0,1.0
65160.0,18.1,-0.07666666666666666,3.270603163936115,0.0,1.0
65220.0,18.116666666666667,-0.07666666666666666,3.2706176249883887,0.0,1.0
65280.0,18.133333333333333,-0.07666666666666666,3.2706320028474796,0.0,1.0
65340.0,18.15,-0.07666666666666666,3.2706462986652767,0.0,1.0
65400.0,18.166666666666668,-0.07666666666666666,3.2706605135811193,0.0,1.0
65460.0,18.183333333333334,-0.07666666666666666,3.270674648721994,0.0,1.0
65520.0,18.2,-0.07666666666666666,3.2706887052027263,0.0,1.0
65580.0,18.216666666666665,-0.07666666666666666,3.2707026841261797,0.0,1.0
65640.0,18.233333333333334,-0.07666666666666666,3.2707165865834433,0.0,1.0
65700.0,18.25,-0.07666666666666666,3.27073041365403,0.0,1.0
65760.0,18.266666666666666,-0.07666666666666666,3.270744166406067,0.0,1.0
65820.0,18.283333333333335,-0.07666666666666666,3.270757845896483,0.0,1.0
65880.0,18.3,-0.07666666666666666,3.270771453171206,0.0,1.0
65940.0,18.316666666666666,-0.07666666666666666,3.270784989265348,0.0,1.0
66000.0,18.333333333333332,-0.07666666666666666,3.270798455203399,0.0,1.0
66060.0,18.35,-0.07666666666666666,3.2708118519994147,0.0,1.0
66120.0,18.366666666666667,-0.07666666666666666,3.2708251806572024,0.0,1.0
66180.0,18.383333333333333,-0.07666666666666666,3.270838442170517,0.0,1.0
66240.0,18.4,-0.07666666666666666,3.2708516375232413,0.0,1.0
66300.0,18.416666666666668,-0.07666666666666666,3.270864767689579,0.0,1.0
66360.0,18.433333333333334,-0.07666666666666666,3.270877833634241,0.0,1.0
66420.0,18.45,-0.07666666666666666,3.270890836312634,0.0,1.0
66480.0,18.466666666666665,-0.07666666666666666,3.270903776671046,0.0,1.0
66540.0,18.483333333333334,-0.07666666666666666,3.2709166556468343,0.0,1.0
66600.0,18.5,-0.07666666666666666,3.2709294741686152,0.0,1.0
66660.0,18.516666666666666,-0.07666666666666666,3.2709422331564477,0.0,1.0
66720.0,18.533333333333335,-0.07666666666666666,3.2709549335220234,0.0,1.0
66780.0,18.55,-0.07666666666666666,3.2709675761688524,0.0,1.0
66840.0,18.566666666666666,-0.07666666666666666,3.2709801619924543,0.0,1.0
66900.0,18.583333333333332,-0.07666666666666666,3.270992691880542,0.0,1.0
66960.0,18.6,-0.07666666666666666,3.271005166713212,0.0,1.0
67020.0,18.616666666666667,-0.07666666666666666,3.271017587363133,0.0,1.0
67080.0,18.633333333333333,-0.07666666666666666,3.2710299546957344,0.0,1.0
67140.0,18.65,-0.07666666666666666,3.2710422695693966,0.0,1.0
67200.0,18.666666666666668,-0.07666666666666666,3.2710545328356404,0.0,1.0
67260.0,18.683333333333334,-0.07666666666666666,3.271066745339316,0.0,1.0
67320.0,18.7,-0.07666666666666666,3.2710789079187985,0.0,1.0
67380.0,18.716666666666665,-0.07666666666666666,3.271091021406174,0.0,1.0
67440.0,18.733333333333334,-0.07666666666666666,3.2711030866274395,0.0,1.0
67500.0,18.75,-0.07666666666666666,3.271115104402689,0.0,1.0
67560.0,18.766666666666666,-0.07666666666666666,3.271127075546312,0.0,1.0
67620.0,18.783333333333335,-0.07666666666666666,3.271139000867191,0.0,1.0
67680.0,18.8,-0.07666666666666666,3.271150881168894,0.0,1.0
67740.0,18.816666666666666,-0.07666666666666666,3.2711627172498736,0.0,1.0
67800.0,18.833333333333332,-0.07666666666666666,3.2711745099036675,0.0,1.0
67860.0,18.85,-0.07666666666666666,3.2711862599190966,0.0,1.0
67920.0,18.866666666666667,-0.07666666666666666,3.2711979680804677,0.0,1.0
67980.0,18.883333333333333,-0.07666666666666666,3.271209635167777,0.0,1.0
68040.0,18.9,-0.07666666666666666,3.271221261956914,0.0,1.0
68100.0,18.916666666666668,-0.07666666666666666,3.2712328492198686,0.0,1.0
68160.0,18.933333333333334,-0.07666666666666666,3.2712443977249372,0.0,1.0
68220.0,18.95,-0.07666666666666666,3.2712559082369346,0.0,1.0
68280.0,18.966666666666665,-0.07666666666666666,3.2712673815174043,0.0,1.0
68340.0,18.983333333333334,-0.07666666666666666,3.2712788183248334,0.0,1.0
68400.0,19.0,-0.07666666666666666,3.271290219414869,0.0,1.0
68460.0,19.016666666666666,-0.07666666666666666,3.271301585540533,0.0,1.0
68520.0,19.033333333333335,-0.07666666666666666,3.2713129174524442,0.0,1.0
68580.0,19.05,-0.07666666666666666,3.2713242158990417,0.0,1.0
68640.0,19.066666666666666,-0.07666666666666666,3.2713354816268074,0.0,1.0
68700.0,19.083333333333332,-0.07666666666666666,3.2713467153804987,0.0,1.0
68760.0,19.1,-0.07666666666666666,3.271357917903372,0.0,1.0
68820.0,19.116666666666667,-0.07666666666666666,3.2713690899374206,0.0,1.0
68880.0,19.133333333333333,-0.07666666666666666,3.2713802322236103,0.0,1.0
68940.0,19.15,-0.07666666666666666,3.271391345502117,0.0,1.0
69000.0,19.166666666666668,-0.07666666666666666,3.2714024305125706,0.0,1.0
69060.0,19.183333333333334,-0.07666666666666666,3.2714134879942978,0.0,1.0
69120.0,19.2,-0.07666666666666666,3.271424518686575,0.0,1.0
69180.0,19.216666666666665,-0.07666666666666666,3.271435523328877,0.0,1.0
69240.0,19.233333333333334,-0.07666666666666666,3.2714465026611363,0.0,1.0
69300.0,19.25,-0.07666666666666666,3.271457457423999,0.0,1.0
69360.0,19.266666666666666,-0.07666666666666666,3.271468388359095,0.0,1.0
69420.0,19.283333333333335,-0.07666666666666666,3.2714792962092987,0.0,1.0
69480.0,19.3,-0.07666666666666666,3.2714901817190047,0.0,1.0
69540.0,19.316666666666666,-0.07666666666666666,3.271501045634405,0.0,1.0
69600.0,19.333333333333332,-0.07666666666666666,3.2715118887037695,0.0,1.0
69660.0,19.35,-0.07666666666666666,3.2715227116777297,0.0,1.0
69720.0,19.366666666666667,-0.07666666666666666,3.271533515309571,0.0,1.0
69780.0,19.383333333333333,-0.07666666666666666,3.271544300355528,0.0,1.0
69840.0,19.4,-0.07666666666666666,3.2715550675750835,0.0,1.0
69900.0,19.416666666666668,-0.07666666666666666,3.2715658177312785,0.0,1.0
69960.0,19.433333333333334,-0.07666666666666666,3.271576551591016,0.0,1.0
70020.0,19.45,-0.07666666666666666,3.2715872699253854,0.0,1.0
70080.0,19.466666666666665,-0.07666666666666666,3.271597973509982,0.0,1.0
70140.0,19.483333333333334,-0.07666666666666666,3.271608663125235,0.0,1.0
70200.0,19.5,-0.07666666666666666,3.2716193395567443,0.0,1.0
70260.0,19.516666666666666,-0.07666666666666666,3.271630003595622,0.0,1.0
70320.0,19.533333333333335,-0.07666666666666666,3.2716406560388394,0.0,1.0
70380.0,19.55,-0.07666666666666666,3.2716512976895817,0.0,1.0
70440.0,19.566666666666666,-0.07666666666666666,3.27166192935761,0.0,1.0
70500.0,19.583333333333332,-0.07666666666666666,3.2716725518596306,0.0,1.0
70560.0,19.6,-0.07666666666666666,3.271683166019673,0.0,1.0
70620.0,19.616666666666667,-0.07666666666666666,3.27169377266947,0.0,1.0
70680.0,19.633333333333333,-0.07666666666666666,3.2717043726488524,0.0,1.0
70740.0,19.65,-0.07666666666666666,3.2717149668061514,0.0,1.0
70800.0,19.666666666666668,-0.07666666666666666,3.271725555998602,0.0,1.0
70860.0,19.683333333333334,-0.07666666666666666,3.2717361410927626,0.0,1.0
70920.0,19.7,-0.07666666666666666,3.27174672296494,0.0,1.0
70980.0,19.716666666666665,-0.07666666666666666,3.271757302501629,0.0,1.0
71040.0,19.733333333333334,-0.07666666666666666,3.2717678805999486,0.0,1.0
71100.0,19.75,-0.07666666666666666,3.271778458168104,0.0,1.0
71160.0,19.766666666666666,-0.07666666666666666,3.2717890361258437,0.0,1.0
71220.0,19.783333333333335,-0.07666666666666666,3.271799615404939,0.0,1.0
71280.0,19.8,-0.07666666666666666,3.271810196949666,0.0,1.0
71340.0,19.816666666666666,-0.07666666666666666,3.2718207817172993,0.0,1.0
71400.0,19.833333333333332,-0.07666666666666666,3.271831370678625,0.0,1.0
71460.0,19.85,-0.07666666666666666,3.271841964818449,0.0,1.0
71520.0,19.866666666666667,-0.07666666666666666,3.2718525651361343,0.0,1.0
71580.0,19.883333333333333,-0.07666666666666666,3.271863172646138,0.0,1.0
71640.0,19.9,-0.07666666666666666,3.271873788378568,0.0,1.0
71700.0,19.916666666666668,-0.07666666666666666,3.271884413379748,0.0,1.0
71760.0,19.933333333333334,-0.07666666666666666,3.2718950487127954,0.0,1.0
71820.0,19.95,-0.07666666666666666,3.271905695458218,0.0,1.0
71880.0,19.966666666666665,-0.07666666666666666,3.2719163547145182,0.0,1.0
71940.0,19.983333333333334,-0.07666666666666666,3.271927027598813,0.0,1.0
72000.0,20.0,-0.07666666666666666,3.271937715247471,0.0,1.0
72060.0,20.016666666666666,-0.07666666666666666,3.271948418816763,0.0,1.0
72120.0,20.033333333333335,-0.07666666666666666,3.2719591394835237,0.0,1.0
72180.0,20.05,-0.07666666666666666,3.271969878445838,0.0,1.0
72240.0,20.066666666666666,-0.07666666666666666,3.271980636923731,0.0,1.0
72300.0,20.083333333333332,-0.07666666666666666,3.2719914161598904,0.0,1.0
72360.0,20.1,-0.07666666666666666,3.272002217420388,0.0,1.0
72420.0,20.116666666666667,-0.07666666666666666,3.272013041995435,0.0,1.0
72480.0,20.133333333333333,-0.07666666666666666,3.272023891200142,0.0,1.0
72540.0,20.15,-0.07666666666666666,3.272034766375306,0.0,1.0
72600.0,20.166666666666668,-0.07666666666666666,3.272045668888213,0.0,1.0
72660.0,20.183333333333334,-0.07666666666666666,3.272056600133457,0.0,1.0
72720.0,20.2,-0.07666666666666666,3.2720675615337855,0.0,1.0
72780.0,20.216666666666665,-0.07666666666666666,3.272078554540958,0.0,1.0
72840.0,20.233333333333334,-0.07666666666666666,3.2720895806366292,0.0,1.0
72900.0,20.25,-0.07666666666666666,3.2721006413332545,0.0,1.0
72960.0,20.266666666666666,-0.07666666666666666,3.272111738175012,0.0,1.0
73020.0,20.283333333333335,-0.07666666666666666,3.272122872738751,0.0,1.0
73080.0,20.3,-0.07666666666666666,3.272134046634968,0.0,1.0
73140.0,20.316666666666666,-0.07666666666666666,3.2721452615087903,0.0,1.0
73200.0,20.333333333333332,-0.07666666666666666,3.272156519041002,0.0,1.0
73260.0,20.35,-0.07666666666666666,3.2721678209490817,0.0,1.0
73320.0,20.366666666666667,-0.07666666666666666,3.272179168988276,0.0,1.0
73380.0,20.383333333333333,-0.07666666666666666,3.2721905649526843,0.0,1.0
73440.0,20.4,-0.07666666666666666,3.272202010676384,0.0,1.0
73500.0,20.416666666666668,-0.07666666666666666,3.2722135080345756,0.0,1.0
73560.0,20.433333333333334,-0.07666666666666666,3.272225058944756,0.0,1.0
73620.0,20.45,-0.07666666666666666,3.272236665367923,0.0,1.0
73680.0,20.466666666666665,-0.07666666666666666,3.2722483293098055,0.0,1.0
73740.0,20.483333333333334,-0.07666666666666666,3.27226005282212,0.0,1.0
73800.0,20.5,-0.07666666666666666,3.272271838003874,0.0,1.0
73860.0,20.516666666666666,-0.07666666666666666,3.27228368700267,0.0,1.0
73920.0,20.533333333333335,-0.07666666666666666,3.272295602016077,0.0,1.0
73980.0,20.55,-0.07666666666666666,3.272307585293003,0.0,1.0
74040.0,20.566666666666666,-0.07666666666666666,3.272319639135126,0.0,1.0
74100.0,20.583333333333332,-0.07666666666666666,3.2723317658983357,0.0,1.0
74160.0,20.6,-0.07666666666666666,3.272343967994229,0.0,1.0
74220.0,20.616666666666667,-0.07666666666666666,3.272356247891631,0.0,1.0
74280.0,20.633333333333333,-0.07666666666666666,3.2723686081181502,0.0,1.0
74340.0,20.65,-0.07666666666666666,3.272381051261782,0.0,1.0
74400.0,20.666666666666668,-0.07666666666666666,3.272393579972535,0.0,1.0
74460.0,20.683333333333334,-0.07666666666666666,3.272406196964107,0.0,1.0
74520.0,20.7,-0.07666666666666666,3.272418905015595,0.0,1.0
74580.0,20.716666666666665,-0.07666666666666666,3.2724317069732454,0.0,1.0
74640.0,20.733333333333334,-0.07666666666666666,3.2724446057522494,0.0,1.0
74700.0,20.75,-0.07666666666666666,3.2724576043385727,0.0,1.0
74760.0,20.766666666666666,-0.07666666666666666,3.272470705790834,0.0,1.0
74820.0,20.783333333333335,-0.07666666666666666,3.272483913242226,0.0,1.0
74880.0,20.8,-0.07666666666666666,3.2724972299024753,0.0,1.0
74940.0,20.816666666666666,-0.07666666666666666,3.2725106590598556,0.0,1.0
75000.0,20.833333333333332,-0.07666666666666666,3.27252420408324,0.0,1.0
75060.0,20.85,-0.07666666666666666,3.272537868424204,0.0,1.0
75120.0,20.866666666666667,-0.07666666666666666,3.27255165561917,0.0,1.0
75180.0,20.883333333333333,-0.07666666666666666,3.2725655692916105,0.0,1.0
75240.0,20.9,-0.07666666666666666,3.2725796131542944,0.0,1.0
75300.0,20.916666666666668,-0.07666666666666666,3.2725937910115777,0.0,1.0
75360.0,20.933333333333334,-0.07666666666666666,3.2726081067617603,0.0,1.0
75420.0,20.95,-0.07666666666666666,3.272622564399475,0.0,1.0
75480.0,20.966666666666665,-0.07666666666666666,3.2726371680181523,0.0,1.0
75540.0,20.983333333333334,-0.07666666666666666,3.2726519218125154,0.0,1.0
75600.0,21.0,-0.07666666666666666,3.2726668300811443,0.0,1.0
75660.0,21.016666666666666,-0.07666666666666666,3.272681897229095,0.0,1.0
75720.0,21.033333333333335,-0.07666666666666666,3.272697127770561,0.0,1.0
75780.0,21.05,-0.07666666666666666,3.2727125263316124,0.0,1.0
75840.0,21.066666666666666,-0.07666666666666666,3.2727280976529705,0.0,1.0
75900.0,21.083333333333332,-0.07666666666666666,3.272743846592858,0.0,1.0
75960.0,21.1,-0.07666666666666666,3.2727597781299016,0.0,1.0
76020.0,21.116666666666667,-0.07666666666666666,3.2727758973660874,0.0,1.0
76080.0,21.133333333333333,-0.07666666666666666,3.2727922095297917,0.0,1.0
76140.0,21.15,-0.07666666666666666,3.272808719978855,0.0,1.0
76200.0,21.166666666666668,-0.07666666666666666,3.272825434203737,0.0,1.0
76260.0,21.183333333333334,-0.07666666666666666,3.2728423578307124,0.0,1.0
76320.0,21.2,-0.07666666666666666,3.272859496625149,0.0,1.0
76380.0,21.216666666666665,-0.07666666666666666,3.272876856494837,0.0,1.0
76440.0,21.233333333333334,-0.07666666666666666,3.2728944434933838,0.0,1.0
76500.0,21.25,-0.07666666666666666,3.2729122638236734,0.0,1.0
76560.0,21.266666666666666,-0.07666666666666666,3.2729303238413925,0.0,1.0
76620.0,21.283333333333335,-0.07666666666666666,3.272948630058623,0.0,1.0
76680.0,21.3,-0.07666666666666666,3.2729671891474865,0.0,1.0
76740.0,21.316666666666666,-0.07666666666666666,3.2729860079438704,0.0,1.0
76800.0,21.333333333333332,-0.07666666666666666,3.273005093451208,0.0,1.0
76860.0,21.35,-0.07666666666666666,3.2730244528443273,0.0,1.0
76920.0,21.366666666666667,-0.07666666666666666,3.273044093473364,0.0,1.0
76980.0,21.383333333333333,-0.07666666666666666,3.2730640228677363,0.0,1.0
77040.0,21.4,-0.07666666666666666,3.273084248740193,0.0,1.0
77100.0,21.416666666666668,-0.07666666666666666,3.2731047789909136,0.0,1.0
77160.0,21.433333333333334,-0.07666666666666666,3.2731256217116798,0.0,1.0
77220.0,21.45,-0.07666666666666666,3.2731467851901046,0.0,1.0
77280.0,21.466666666666665,-0.07666666666666666,3.273168277913928,0.0,1.0
77340.0,21.483333333333334,-0.07666666666666666,3.273190108575373,0.0,1.0
77400.0,21.5,-0.07666666666666666,3.273212286075556,0.0,1.0
77460.0,21.516666666666666,-0.07666666666666666,3.27323481952896,0.0,1.0
77520.0,21.533333333333335,-0.07666666666666666,3.273257718267968,0.0,1.0
77580.0,21.55,-0.07666666666666666,3.273280991847445,0.0,1.0
77640.0,21.566666666666666,-0.07666666666666666,3.273304650049382,0.0,1.0
77700.0,21.583333333333332,-0.07666666666666666,3.2733287028875804,0.0,1.0
77760.0,21.6,-0.07666666666666666,3.2733531606124013,0.0,1.0
77820.0,21.616666666666667,-0.07666666666666666,3.273378033715549,0.0,1.0
77880.0,21.633333333333333,-0.07666666666666666,3.2734033329349055,0.0,1.0
77940.0,21.65,-0.07666666666666666,3.2734290692594064,0.0,1.0
78000.0,21.666666666666668,-0.07666666666666666,3.273455253933953,0.0,1.0
78060.0,21.683333333333334,-0.07666666666666666,3.2734818984643654,0.0,1.0
78120.0,21.7,-0.07666666666666666,3.273509014622359,0.0,1.0
78180.0,21.716666666666665,-0.07666666666666666,3.273536614450555,0.0,1.0
78240.0,21.733333333333334,-0.07666666666666666,3.2735647102675127,0.0,1.0
78300.0,21.75,-0.07666666666666666,3.2735933146727807,0.0,1.0
78360.0,21.766666666666666,-0.07666666666666666,3.2736224405519585,0.0,1.0
78420.0,21.783333333333335,-0.07666666666666666,3.273652101081773,0.0,1.0
78480.0,21.8,-0.07666666666666666,3.2736823097351495,0.0,1.0
78540.0,21.816666666666666,-0.07666666666666666,3.273713080286289,0.0,1.0
78600.0,21.833333333333332,-0.07666666666666666,3.273744426815725,0.0,1.0
78660.0,21.85,-0.07666666666666666,3.273776363715372,0.0,1.0
78720.0,21.866666666666667,-0.07666666666666666,3.273808905693543,0.0,1.0
78780.0,21.883333333333333,-0.07666666666666666,3.2738420677799414,0.0,1.0
78840.0,21.9,-0.07666666666666666,3.2738758653306044,0.0,1.0
78900.0,21.916666666666668,-0.07666666666666666,3.2739103140328014,0.0,1.0
78960.0,21.933333333333334,-0.07666666666666666,3.273945429909877,0.0,1.0
79020.0,21.95,-0.07666666666666666,3.273981229326014,0.0,1.0
79080.0,21.966666666666665,-0.07666666666666666,3.2740177289909265,0.0,1.0
79140.0,21.983333333333334,-0.07666666666666666,3.2740549459644606,0.0,1.0
79200.0,22.0,-0.07666666666666666,3.2740928976610846,0.0,1.0
79260.0,22.016666666666666,-0.07666666666666666,3.2741316018542754,0.0,1.0
79320.0,22.033333333333335,-0.07666666666666666,3.2741710766807715,0.0,1.0
79380.0,22.05,-0.07666666666666666,3.27421134064468,0.0,1.0
79440.0,22.066666666666666,-0.07666666666666666,3.2742524126214323,0.0,1.0
79500.0,22.083333333333332,-0.07666666666666666,3.27429431186157,0.0,1.0
79560.0,22.1,-0.07666666666666666,3.2743370579943387,0.0,1.0
79620.0,22.116666666666667,-0.07666666666666666,3.274380671031073,0.0,1.0
79680.0,22.133333333333333,-0.07666666666666666,3.2744251713683763,0.0,1.0
79740.0,22.15,-0.07666666666666666,3.2744705797910427,0.0,1.0
79800.0,22.166666666666668,-0.07666666666666666,3.274516917474727,0.0,1.0
79860.0,22.183333333333334,-0.07666666666666666,3.2745642059883404,0.0,1.0
79920.0,22.2,-0.07666666666666666,3.2746124672961354,0.0,1.0
79980.0,22.216666666666665,-0.07666666666666666,3.274661723759478,0.0,1.0
80040.0,22.233333333333334,-0.07666666666666666,3.2747119981382773,0.0,1.0
80100.0,22.25,-0.07666666666666666,3.2747633135920333,0.0,1.0
80160.0,22.266666666666666,-0.07666666666666666,3.2748156936805124,0.0,1.0
80220.0,22.283333333333335,-0.07666666666666666,3.2748691623639905,0.0,1.0
80280.0,22.3,-0.07666666666666666,3.274923744003063,0.0,1.0
80340.0,22.316666666666666,-0.07666666666666666,3.2749794633579743,0.0,1.0
80400.0,22.333333333333332,-0.07666666666666666,3.27503634558746,0.0,1.0
80460.0,22.35,-0.07666666666666666,3.275094416247057,0.0,1.0
80520.0,22.366666666666667,-0.07666666666666666,3.27515370128685,0.0,1.0
80580.0,22.383333333333333,-0.07666666666666666,3.2752142270486453,0.0,1.0
80640.0,22.4,-0.07666666666666666,3.2752760202625133,0.0,1.0
80700.0,22.416666666666668,-0.07666666666666666,3.275339108042681,0.0,1.0
80760.0,22.433333333333334,-0.07666666666666666,3.2754035178827494,0.0,1.0
80820.0,22.45,-0.07666666666666666,3.2754692776501755,0.0,1.0
80880.0,22.466666666666665,-0.07666666666666666,3.275536415580021,0.0,1.0
80940.0,22.483333333333334,-0.07666666666666666,3.275604960267892,0.0,1.0
81000.0,22.5,-0.07666666666666666,3.27567494066207,0.0,1.0
81060.0,22.516666666666666,-0.07666666666666666,3.275746386054771,0.0,1.0
81120.0,22.533333333333335,-0.07666666666666666,3.275819326072511,0.0,1.0
81180.0,22.55,-0.07666666666666666,3.275893790665527,0.0,1.0
81240.0,22.566666666666666,-0.07666666666666666,3.2759698100962362,0.0,1.0
81300.0,22.583333333333332,-0.07666666666666666,3.276047414926667,0.0,1.0
81360.0,22.6,-0.07666666666666666,3.27612663600485,0.0,1.0
81420.0,22.616666666666667,-0.07666666666666666,3.276207504450103,0.0,1.0
81480.0,22.633333333333333,-0.07666666666666666,3.276290051637205,0.0,1.0
81540.0,22.65,-0.07666666666666666,3.2763743091793853,0.0,1.0
81600.0,22.666666666666668,-0.07666666666666666,3.276460308910113,0.0,1.0
81660.0,22.683333333333334,-0.07666666666666666,3.2765480828636377,0.0,1.0
81720.0,22.7,-0.07666666666666666,3.2766376632542498,0.0,1.0
81780.0,22.716666666666665,-0.07666666666666666,3.276729082454224,0.0,1.0
81840.0,22.733333333333334,-0.07666666666666666,3.2768223729703934,0.0,1.0
81900.0,22.75,-0.07666666666666666,3.2769175674193574,0.0,1.0
81960.0,22.766666666666666,-0.07666666666666666,3.2770146985012367,0.0,1.0
82020.0,22.783333333333335,-0.07666666666666666,3.277113798971998,0.0,1.0
82080.0,22.8,-0.07666666666666666,3.2772149016142738,0.0,1.0
82140.0,22.816666666666666,-0.07666666666666666,3.277318039206682,0.0,1.0
82200.0,22.833333333333332,-0.07666666666666666,3.2774232444915943,0.0,1.0
82260.0,22.85,-0.07666666666666666,3.2775305501413428,0.0,1.0
82320.0,22.866666666666667,-0.07666666666666666,3.2776399887228482,0.0,1.0
82380.0,22.883333333333333,-0.07666666666666666,3.2777515926606355,0.0,1.0
82440.0,22.9,-0.07666666666666666,3.27786539419824,0.0,1.0
82500.0,22.916666666666668,-0.07666666666666666,3.277981425357979,0.0,1.0
82560.0,22.933333333333334,-0.07666666666666666,3.2780997178990936,0.0,1.0
82620.0,22.95,-0.07666666666666666,3.278220303274252,0.0,1.0
82680.0,22.966666666666665,-0.07666666666666666,3.2783432125844105,0.0,1.0
82740.0,22.983333333333334,-0.07666666666666666,3.278468476532055,0.0,1.0
82800.0,23.0,-0.07666666666666666,3.2785961253728195,0.0,1.0
82860.0,23.016666666666666,-0.07666666666666666,3.2787261888655066,0.0,1.0
82920.0,23.033333333333335,-0.07666666666666666,3.2788586962205315,0.0,1.0
82980.0,23.05,-0.07666666666666666,3.278993676046823,0.0,1.0
83040.0,23.066666666666666,-0.07666666666666666,3.27913115629721,0.0,1.0
83100.0,23.083333333333332,-0.07666666666666666,3.2792711642123455,0.0,1.0
83160.0,23.1,-0.07666666666666666,3.2794137262632126,0.0,1.0
83220.0,23.116666666666667,-0.07666666666666666,3.2795588680922716,0.0,1.0
83280.0,23.133333333333333,-0.07666666666666666,3.279706614453318,0.0,1.0
83340.0,23.15,-0.07666666666666666,3.2798569891501166,0.0,1.0
83400.0,23.166666666666668,-0.07666666666666666,3.2800100149739047,0.0,1.0
83460.0,23.183333333333334,-0.07666666666666666,3.2801657136398403,0.0,1.0
83520.0,23.2,-0.07666666666666666,3.28032410572252,0.0,1.0
83580.0,23.216666666666665,-0.07666666666666666,3.280485210590639,0.0,1.0
83640.0,23.233333333333334,-0.07666666666666666,3.2806490463409377,0.0,1.0
83700.0,23.25,-0.07666666666666666,3.280815629731563,0.0,1.0
83760.0,23.266666666666666,-0.07666666666666666,3.280984976114949,0.0,1.0
83820.0,23.283333333333335,-0.07666666666666666,3.281157099370409,0.0,1.0
83880.0,23.3,-0.07666666666666666,3.2813320118365423,0.0,1.0
83940.0,23.316666666666666,-0.07666666666666666,3.2815097242436595,0.0,1.0
84000.0,23.333333333333332,-0.07666666666666666,3.281690245646375,0.0,1.0
84060.0,23.35,-0.07666666666666666,3.2818735833565573,0.0,1.0
84120.0,23.366666666666667,-0.07666666666666666,3.28205974287682,0.0,1.0
84180.0,23.383333333333333,-0.07666666666666666,3.2822487278347543,0.0,1.0
84240.0,23.4,-0.07666666666666666,3.2824405399181145,0.0,1.0
84300.0,23.416666666666668,-0.07666666666666666,3.2826351788111467,0.0,1.0
84360.0,23.433333333333334,-0.07666666666666666,3.282832642132307,0.0,1.0
84420.0,23.45,-0.07666666666666666,3.2830329253735786,0.0,1.0
84480.0,23.466666666666665,-0.07666666666666666,3.2832360218416157,0.0,1.0
84540.0,23.483333333333334,-0.07666666666666666,3.283441922600961,0.0,1.0
84600.0,23.5,-0.07666666666666666,3.2836506164195614,0.0,1.0
84660.0,23.516666666666666,-0.07666666666666666,3.283862089716839,0.0,1.0
84720.0,23.533333333333335,-0.07666666666666666,3.284076326514546,0.0,1.0
84780.0,23.55,-0.07666666666666666,3.2842933083906583,0.0,1.0
84840.0,23.566666666666666,-0.07666666666666666,3.284513014436548,0.0,1.0
84900.0,23.583333333333332,-0.07666666666666666,3.2847354212176767,0.0,1.0
84960.0,23.6,-0.07666666666666666,3.284960502738054,0.0,1.0
85020.0,23.616666666666667,-0.07666666666666666,3.2851882304086932,0.0,1.0
85080.0,23.633333333333333,-0.07666666666666666,3.285418573020292,0.0,1.0
85140.0,23.65,-0.07666666666666666,3.285651496720381,0.0,1.0
85200.0,23.666666666666668,-0.07666666666666666,3.285886964995124,0.0,1.0
85260.0,23.683333333333334,-0.07666666666666666,3.2861249386560174,0.0,1.0
85320.0,23.7,-0.07666666666666666,3.286365375831646,0.0,1.0
85380.0,23.716666666666665,-0.07666666666666666,3.2866082319647068,0.0,1.0
85440.0,23.733333333333334,-0.07666666666666666,3.2868534598144636,0.0,1.0
85500.0,23.75,-0.07666666666666666,3.2871010094647786,0.0,1.0
85560.0,23.766666666666666,-0.07666666666666666,3.287350828337879,0.0,1.0
85620.0,23.783333333333335,-0.07666666666666666,3.2876028612139607,0.0,1.0
85680.0,23.8,-0.07666666666666666,3.2878570502567435,0.0,1.0
85740.0,23.816666666666666,-0.07666666666666666,3.288113335045061,0.0,1.0
85800.0,23.833333333333332,-0.07666666666666666,3.2883716526105373,0.0,1.0
85860.0,23.85,-0.07666666666666666,3.2886319374814033,0.0,1.0
85920.0,23.866666666666667,-0.07666666666666666,3.288894121732456,0.0,1.0
85980.0,23.883333333333333,-0.07666666666666666,3.28915813504116,0.0,1.0
86040.0,23.9,-0.07666666666666666,3.289423904749861,0.0,1.0
86100.0,23.916666666666668,-0.07666666666666666,3.2896913559340426,0.0,1.0
86160.0,23.933333333333334,-0.07666666666666666,3.2899604114765606,0.0,1.0
86220.0,23.95,-0.07666666666666666,3.290230992147735,0.0,1.0
86280.0,23.966666666666665,-0.07666666666666666,3.290503016691165,0.0,1.0
86340.0,23.983333333333334,-0.07666666666666666,3.2907764019151147,0.0,1.0
86400.0,24.0,-0.07666666666666666,3.2910510627892746,0.0,1.0
86460.0,24.016666666666666,-0.07666666666666666,3.2913269125467,0.0,1.0
86520.0,24.033333333333335,-0.07666666666666666,3.2916038627906827,0.0,1.0
86580.0,24.05,-0.07666666666666666,3.2918818236062983,0.0,1.0
86640.0,24.066666666666666,-0.07666666666666666,3.2921607036763585,0.0,1.0
86700.0,24.083333333333332,-0.07666666666666666,3.29244041040145,0.0,1.0
86760.0,24.1,-0.07666666666666666,3.292720850023755,0.0,1.0
86820.0,24.116666666666667,-0.07666666666666666,3.293001927754288,0.0,1.0
86880.0,24.133333333333333,-0.07666666666666666,3.2932835479032265,0.0,1.0
86940.0,24.15,-0.07666666666666666,3.293565614012914,0.0,1.0
87000.0,24.166666666666668,-0.07666666666666666,3.293848028993197,0.0,1.0
87060.0,24.183333333333334,-0.07666666666666666,3.294130695258653,0.0,1.0
87120.0,24.2,-0.07666666666666666,3.29441351486733,0.0,1.0
87180.0,24.216666666666665,-0.07666666666666666,3.29469638966056,0.0,1.0
87240.0,24.233333333333334,-0.07666666666666666,3.294979221403433,0.0,1.0
87300.0,24.25,-0.07666666666666666,3.2952619119255084,0.0,1.0
87360.0,24.266666666666666,-0.07666666666666666,3.2955443632613206,0.0,1.0
87420.0,24.283333333333335,-0.07666666666666666,3.2958264777902664,0.0,1.0
87480.0,24.3,-0.07666666666666666,3.296108158375446,0.0,1.0
87540.0,24.316666666666666,-0.07666666666666666,3.2963893085010363,0.0,1.0
87600.0,24.333333333333332,-0.07666666666666666,3.2966698324077894,0.0,1.0
87660.0,24.35,-0.07666666666666666,3.2969496352262535,0.0,1.0
87720.0,24.366666666666667,-0.07666666666666666,3.2972286231073267,0.0,1.0
87780.0,24.383333333333333,-0.07666666666666666,3.2975067033497703,0.0,1.0
87840.0,24.4,-0.07666666666666666,3.297783784524321,0.0,1.0
87900.0,24.416666666666668,-0.07666666666666666,3.2980597765940525,0.0,1.0
87960.0,24.433333333333334,-0.07666666666666666,3.2983345910306743,0.0,1.0
88020.0,24.45,-0.07666666666666666,3.2986081409264565,0.0,1.0
88080.0,24.466666666666665,-0.07666666666666666,3.2988803411014906,0.0,1.0
88140.0,24.483333333333334,-0.07666666666666666,3.2991511082060465,0.0,1.0
88200.0,24.5,-0.07666666666666666,3.2994203608177695,0.0,1.0
88260.0,24.516666666666666,-0.07666666666666666,3.2996880195335074,0.0,1.0
88320.0,24.533333333333335,-0.07666666666666666,3.2999540070556024,0.0,1.0
88380.0,24.55,-0.07666666666666666,3.3002182482724467,0.0,1.0
88440.0,24.566666666666666,-0.07666666666666666,3.3004806703332124,0.0,1.0
88500.0,24.583333333333332,-0.07666666666666666,3.3007412027165954,0.0,1.0
88560.0,24.6,-0.07666666666666666,3.3009997772935344,0.0,1.0
88620.0,24.616666666666667,-0.07666666666666666,3.3012563283838126,0.0,1.0
88680.0,24.633333333333333,-0.07666666666666666,3.3015107928065266,0.0,1.0
88740.0,24.65,-0.07666666666666666,3.301763109924402,0.0,1.0
88800.0,24.666666666666668,-0.07666666666666666,3.3020132216819755,0.0,1.0
88860.0,24.683333333333334,-0.07666666666666666,3.3022610726376853,0.0,1.0
88920.0,24.7,-0.07666666666666666,3.3025066099899174,0.0,1.0
88980.0,24.716666666666665,-0.07666666666666666,3.3027497835970943,0.0,1.0
89040.0,24.733333333333334,-0.07666666666666666,3.3029905459919178,0.0,1.0
89100.0,24.75,-0.07666666666666666,3.3032288523898656,0.0,1.0
89160.0,24.766666666666666,-0.07666666666666666,3.3034646606920988,0.0,1.0
89220.0,24.783333333333335,-0.07666666666666666,3.3036979314829242,0.0,1.0
89280.0,24.8,-0.07666666666666666,3.3039286280219793,0.0,1.0
89340.0,24.816666666666666,-0.07666666666666666,3.3041567162313337,0.0,1.0
89400.0,24.833333333333332,-0.07666666666666666,3.3043821646776905,0.0,1.0
89460.0,24.85,-0.07666666666666666,3.304604944549902,0.0,1.0
89520.0,24.866666666666667,-0.07666666666666666,3.304825029632011,0.0,1.0
89580.0,24.883333333333333,-0.07666666666666666,3.3050423962720465,0.0,1.0
89640.0,24.9,-0.07666666666666666,3.305257023346796,0.0,1.0
89700.0,24.916666666666668,-0.07666666666666666,3.3054688922228035,0.0,1.0
89760.0,24.933333333333334,-0.07666666666666666,3.3056779867138166,0.0,1.0
89820.0,24.95,-0.07666666666666666,3.305884293034942,0.0,1.0
89880.0,24.966666666666665,-0.07666666666666666,3.306087799753737,0.0,1.0
89940.0,24.983333333333334,-0.07666666666666666,3.306288497738501,0.0,1.0
90000.0,25.0,-0.07666666666666666,3.3064863801039905,0.0,1.0
90060.0,25.016666666666666,-0.07666666666666666,3.3066814421548125,0.0,1.0
90120.0,25.033333333333335,-0.07666666666666666,3.3068736813267305,0.0,1.0
90180.0,25.05,-0.07666666666666666,3.3070630971261226,0.0,1.0
90240.0,25.066666666666666,-0.07666666666666666,3.3072496910678133,0.0,1.0
90300.0,25.083333333333332,-0.07666666666666666,3.307433466611516,0.0,1.0
90360.0,25.1,-0.07666666666666666,3.307614429097095,0.0,1.0
90420.0,25.116666666666667,-0.07666666666666666,3.30779258567887,0.0,1.0
90480.0,25.133333333333333,-0.07666666666666666,3.30796794525916,0.0,1.0
90540.0,25.15,-0.07666666666666666,3.30814051842126,0.0,1.0
90600.0,25.166666666666668,-0.07666666666666666,3.308310317362065,0.0,1.0
90660.0,25.183333333333334,-0.07666666666666666,3.3084773558244893,0.0,1.0
90720.0,25.2,-0.07666666666666666,3.3086416490298762,0.0,1.0
90780.0,25.216666666666665,-0.07666666666666666,3.308803213610559,0.0,1.0
90840.0,25.233333333333334,-0.07666666666666666,3.308962067542712,0.0,1.0
90900.0,25.25,-0.07666666666666666,3.3091182300796653,0.0,1.0
90960.0,25.266666666666666,-0.07666666666666666,3.3092717216857888,0.0,1.0
91020.0,25.283333333333335,-0.07666666666666666,3.3094225639711006,0.0,1.0
91080.0,25.3,-0.07666666666666666,3.3095707796266924,0.0,1.0
91140.0,25.316666666666666,-0.07666666666666666,3.309716392361105,0.0,1.0
91200.0,25.333333333333332,-0.07666666666666666,3.3098594268377286,0.0,1.0
91260.0,25.35,-0.07666666666666666,3.3099999086133445,0.0,1.0
91320.0,25.366666666666667,-0.07666666666666666,3.3101378640778774,0.0,1.0
91380.0,25.383333333333333,-0.07666666666666666,3.3102733203954213,0.0,1.0
91440.0,25.4,-0.07666666666666666,3.310406305446639,0.0,1.0
91500.0,25.416666666666668,-0.07666666666666666,3.310536847772559,0.0,1.0
91560.0,25.433333333333334,-0.07666666666666666,3.310664976519836,0.0,1.0
91620.0,25.45,-0.07666666666666666,3.3107907213875256,0.0,1.0
91680.0,25.466666666666665,-0.07666666666666666,3.31091411257539,0.0,1.0
91740.0,25.483333333333334,-0.07666666666666666,3.311035180733792,0.0,1.0
91800.0,25.5,-0.07666666666666666,3.311153956915177,0.0,1.0
91860.0,25.516666666666666,-0.07666666666666666,3.3112704725271684,0.0,1.0
91920.0,25.533333333333335,-0.07666666666666666,3.311384759287301,0.0,1.0
91980.0,25.55,-0.07666666666666666,3.311496849179379,0.0,1.0
92040.0,25.566666666666666,-0.07666666666666666,3.3116067744114828,0.0,1.0
92100.0,25.583333333333332,-0.07666666666666666,3.3117145673756005,0.0,1.0
92160.0,25.6,-0.07666666666666666,3.3118202606088984,0.0,1.0
92220.0,25.616666666666667,-0.07666666666666666,3.3119238867565968,0.0,1.0
92280.0,25.633333333333333,-0.07666666666666666,3.312025478536466,0.0,1.0
92340.0,25.65,-0.07666666666666666,3.3121250687048955,0.0,1.0
92400.0,25.666666666666668,-0.07666666666666666,3.312222690024535,0.0,1.0
92460.0,25.683333333333334,-0.07666666666666666,3.3123183752334833,0.0,1.0
92520.0,25.7,-0.07666666666666666,3.3124121570159732,0.0,1.0
92580.0,25.716666666666665,-0.07666666666666666,3.312504067974577,0.0,1.0
92640.0,25.733333333333334,-0.07666666666666666,3.312594140603843,0.0,1.0
92700.0,25.75,-0.07666666666666666,3.3126824072653664,0.0,1.0
92760.0,25.766666666666666,-0.07666666666666666,3.3127689001642664,0.0,1.0
92820.0,25.783333333333335,-0.07666666666666666,3.312853651326998,0.0,1.0
92880.0,25.8,-0.07666666666666666,3.3129366925805104,0.0,1.0
92940.0,25.816666666666666,-0.07666666666666666,3.3130180555326736,0.0,1.0
93000.0,25.833333333333332,-0.07666666666666666,3.313097771553962,0.0,1.0
93060.0,25.85,-0.07666666666666666,3.3131758717603486,0.0,1.0
93120.0,25.866666666666667,-0.07666666666666666,3.313252386997367,0.0,1.0
93180.0,25.883333333333333,-0.07666666666666666,3.313327347825307,0.0,1.0
93240.0,25.9,-0.07666666666666666,3.3134007845055105,0.0,1.0
93300.0,25.916666666666668,-0.07666666666666666,3.313472726987716,0.0,1.0
93360.0,25.933333333333334,-0.07666666666666666,3.313543204898423,0.0,1.0
93420.0,25.95,-0.07666666666666666,3.313612247530233,0.0,1.0
93480.0,25.966666666666665,-0.07666666666666666,3.313679883832137,0.0,1.0
93540.0,25.983333333333334,-0.07666666666666666,3.3137461424006904,0.0,1.0
93600.0,26.0,-0.07666666666666666,3.3138110514720713,0.0,1.0
93660.0,26.016666666666666,-0.07666666666666666,3.3138746389149523,0.0,1.0
93720.0,26.033333333333335,-0.07666666666666666,3.3139369322241703,0.0,1.0
93780.0,26.05,-0.07666666666666666,3.313997958515155,0.0,1.0
93840.0,26.066666666666666,-0.07666666666666666,3.3140577445190686,0.0,1.0
93900.0,26.083333333333332,-0.07666666666666666,3.3141163165786454,0.0,1.0
93960.0,26.1,-0.07666666666666666,3.3141737006446794,0.0,1.0
94020.0,26.116666666666667,-0.07666666666666666,3.314229922273132,0.0,1.0
94080.0,26.133333333333333,-0.07666666666666666,3.314285006622831,0.0,1.0
94140.0,26.15,-0.07666666666666666,3.3143389784537334,0.0,1.0
94200.0,26.166666666666668,-0.07666666666666666,3.3143918621257096,0.0,1.0
94260.0,26.183333333333334,-0.07666666666666666,3.3144436815978353,0.0,1.0
94320.0,26.2,-0.07666666666666666,3.3144944604281514,0.0,1.0
94380.0,26.216666666666665,-0.07666666666666666,3.314544221773873,0.0,1.0
94440.0,26.233333333333334,-0.07666666666666666,3.314592988392011,0.0,1.0
94500.0,26.25,-0.07666666666666666,3.3146407826403976,0.0,1.0
94560.0,26.266666666666666,-0.07666666666666666,3.3146876264790692,0.0,1.0
94620.0,26.283333333333335,-0.07666666666666666,3.314733541472007,0.0,1.0
94680.0,26.3,-0.07666666666666666,3.3147785487891928,0.0,1.0
94740.0,26.316666666666666,-0.07666666666666666,3.3148226692089686,0.0,1.0
94800.0,26.333333333333332,-0.07666666666666666,3.3148659231206796,0.0,1.0
94860.0,26.35,-0.07666666666666666,3.3149083305275697,0.0,1.0
94920.0,26.366666666666667,-0.07666666666666666,3.3149499110499336,0.0,1.0
94980.0,26.383333333333333,-0.07666666666666666,3.314990683928475,0.0,1.0
95040.0,26.4,-0.07666666666666666,3.3150306680278834,0.0,1.0
95100.0,26.416666666666668,-0.07666666666666666,3.3150698818405893,0.0,1.0
95160.0,26.433333333333334,-0.07666666666666666,3.315108343490702,0.0,1.0
95220.0,26.45,-0.07666666666666666,3.315146070738103,0.0,1.0
95280.0,26.466666666666665,-0.07666666666666666,3.3151830809826692,0.0,1.0
95340.0,26.483333333333334,-0.07666666666666666,3.3152193912686485,0.0,1.0
95400.0,26.5,-0.07666666666666666,3.315255018289135,0.0,1.0
95460.0,26.516666666666666,-0.07666666666666666,3.3152899783906467,0.0,1.0
95520.0,26.533333333333335,-0.07666666666666666,3.315324287577808,0.0,1.0
95580.0,26.55,-0.07666666666666666,3.3153579615180995,0.0,1.0
95640.0,26.566666666666666,-0.07666666666666666,3.3153910155466884,0.0,1.0
95700.0,26.583333333333332,-0.07666666666666666,3.3154234646713063,0.0,1.0
95760.0,26.6,-0.07666666666666666,3.3154553235771935,0.0,1.0
95820.0,26.616666666666667,-0.07666666666666666,3.31548660663207,0.0,1.0
95880.0,26.633333333333333,-0.07666666666666666,3.315517327891145,0.0,1.0
95940.0,26.65,-0.07666666666666666,3.3155475011021553,0.0,1.0
96000.0,26.666666666666668,-0.07666666666666666,3.3155771397104155,0.0,1.0
96060.0,26.683333333333334,-0.07666666666666666,3.3156062568638824,0.0,1.0
96120.0,26.7,-0.07666666666666666,3.3156348654182217,0.0,1.0
96180.0,26.716666666666665,-0.07666666666666666,3.3156629779418703,0.0,1.0
96240.0,26.733333333333334,-0.07666666666666666,3.3156906067210974,0.0,1.0
96300.0,26.75,-0.07666666666666666,3.3157177637650452,0.0,1.0
96360.0,26.766666666666666,-0.07666666666666666,3.315744460810755,0.0,1.0
96420.0,26.783333333333335,-0.07666666666666666,3.3157707093281696,0.0,1.0
96480.0,26.8,-0.07666666666666666,3.315796520525108,0.0,1.0
96540.0,26.816666666666666,-0.07666666666666666,3.3158219053522093,0.0,1.0
96600.0,26.833333333333332,-0.07666666666666666,3.3158468745078395,0.0,1.0
96660.0,26.85,-0.07666666666666666,3.315871438442967,0.0,1.0
96720.0,26.866666666666667,-0.07666666666666666,3.3158956073659835,0.0,1.0
96780.0,26.883333333333333,-0.07666666666666666,3.315919391247495,0.0,1.0
96840.0,26.9,-0.07666666666666666,3.315942799825054,0.0,1.0
96900.0,26.916666666666668,-0.07666666666666666,3.3159658426078504,0.0,1.0
96960.0,26.933333333333334,-0.07666666666666666,3.315988528881347,0.0,1.0
97020.0,26.95,-0.07666666666666666,3.3160108677118596,0.0,1.0
97080.0,26.966666666666665,-0.07666666666666666,3.316032867951084,0.0,1.0
97140.0,26.983333333333334,-0.07666666666666666,3.316054538240571,0.0,1.0
97200.0,27.0,-0.07666666666666666,3.3160758870161313,0.0,1.0
97260.0,27.016666666666666,-0.07666666666666666,3.31609692251219,0.0,1.0
97320.0,27.033333333333335,-0.07666666666666666,3.31611765276608,0.0,1.0
97380.0,27.05,-0.07666666666666666,3.3161380856222697,0.0,1.0
97440.0,27.066666666666666,-0.07666666666666666,3.31615822873653,0.0,1.0
97500.0,27.083333333333332,-0.07666666666666666,3.3161780895800375,0.0,1.0
97560.0,27.1,-0.07666666666666666,3.3161976754434193,0.0,1.0
97620.0,27.116666666666667,-0.07666666666666666,3.3162169934407264,0.0,1.0
97680.0,27.133333333333333,-0.07666666666666666,3.316236050513349,0.0,1.0
97740.0,27.15,-0.07666666666666666,3.31625485343386,0.0,1.0
97800.0,27.166666666666668,-0.07666666666666666,3.3162734088098045,0.0,1.0
97860.0,27.183333333333334,-0.07666666666666666,3.316291723087414,0.0,1.0
97920.0,27.2,-0.07666666666666666,3.3163098025552635,0.0,1.0
97980.0,27.216666666666665,-0.07666666666666666,3.3163276533478627,0.0,1.0
98040.0,27.233333333333334,-0.07666666666666666,3.316345281449181,0.0,1.0
98100.0,27.25,-0.07666666666666666,3.3163626926961074,0.0,1.0
98160.0,27.266666666666666,-0.07666666666666666,3.316379892781856,0.0,1.0
98220.0,27.283333333333335,-0.07666666666666666,3.3163968872592964,0.0,1.0
98280.0,27.3,-0.07666666666666666,3.3164136815442307,0.0,1.0
98340.0,27.316666666666666,-0.07666666666666666,3.3164302809186053,0.0,1.0
98400.0,27.333333333333332,-0.07666666666666666,3.316446690533658,0.0,1.0
98460.0,27.35,-0.07666666666666666,3.316462915413012,0.0,1.0
98520.0,27.366666666666667,-0.07666666666666666,3.3164789604557026,0.0,1.0
98580.0,27.383333333333333,-0.07666666666666666,3.3164948304391504,0.0,1.0
98640.0,27.4,-0.07666666666666666,3.3165105300220685,0.0,1.0
98700.0,27.416666666666668,-0.07666666666666666,3.316526063747321,0.0,1.0
98760.0,27.433333333333334,-0.07666666666666666,3.316541436044716,0.0,1.0
98820.0,27.45,-0.07666666666666666,3.3165566512337494,0.0,1.0
98880.0,27.466666666666665,-0.07666666666666666,3.316571713526286,0.0,1.0
98940.0,27.483333333333334,-0.07666666666666666,3.316586627029195,0.0,1.0
99000.0,27.5,-0.07666666666666666,3.3166013957469196,0.0,1.0
99060.0,27.516666666666666,-0.07666666666666666,3.3166160235840114,0.0,1.0
99120.0,27.533333333333335,-0.07666666666666666,3.316630514347594,0.0,1.0
99180.0,27.55,-0.07666666666666666,3.3166448717497854,0.0,1.0
99240.0,27.566666666666666,-0.07666666666666666,3.316659099410075,0.0,1.0
99300.0,27.583333333333332,-0.07666666666666666,3.316673200857643,0.0,1.0
99360.0,27.6,-0.07666666666666666,3.316687179533635,0.0,1.0
99420.0,27.616666666666667,-0.07666666666666666,3.3167010387933895,0.0,1.0
99480.0,27.633333333333333,-0.07666666666666666,3.316714781908622,0.0,1.0
99540.0,27.65,-0.07666666666666666,3.3167284120695597,0.0,1.0
99600.0,27.666666666666668,-0.07666666666666666,3.3167419323870364,0.0,1.0
99660.0,27.683333333333334,-0.07666666666666666,3.316755345894542,0.0,1.0
99720.0,27.7,-0.07666666666666666,3.316768655550232,0.0,1.0
99780.0,27.716666666666665,-0.07666666666666666,3.3167818642388935,0.0,1.0
99840.0,27.733333333333334,-0.07666666666666666,3.316794974773876,0.0,1.0
99900.0,27.75,-0.07666666666666666,3.3168079898989786,0.0,1.0
99960.0,27.766666666666666,-0.07666666666666666,3.316820912290301,0.0,1.0
100020.0,27.783333333333335,-0.07666666666666666,3.316833744558065,0.0,1.0
100080.0,27.8,-0.07666666666666666,3.3168464892483893,0.0,1.0
100140.0,27.816666666666666,-0.07666666666666666,3.3168591488450354,0.0,1.0
100200.0,27.833333333333332,-0.07666666666666666,3.3168717257711253,0.0,1.0
100260.0,27.85,-0.07666666666666666,3.3168842223908173,0.0,1.0
100320.0,27.866666666666667,-0.07666666666666666,3.3168966410109597,0.0,1.0
100380.0,27.883333333333333,-0.07666666666666666,3.3169089838827097,0.0,1.0
100440.0,27.9,-0.07666666666666666,3.3169212532031254,0.0,1.0
100500.0,27.916666666666668,-0.07666666666666666,3.316933451116734,0.0,1.0
100560.0,27.933333333333334,-0.07666666666666666,3.316945579717062,0.0,1.0
100620.0,27.95,-0.07666666666666666,3.3169576410481576,0.0,1.0
100680.0,27.966666666666665,-0.07666666666666666,3.3169696371060775,0.0,1.0
100740.0,27.983333333333334,-0.07666666666666666,3.3169815698403533,0.0,1.0
100800.0,28.0,-0.07666666666666666,3.3169934411554403,0.0,1.0
100860.0,28.016666666666666,-0.07666666666666666,3.317005252912142,0.0,1.0
100920.0,28.033333333333335,-0.07666666666666666,3.317017006929019,0.0,1.0
100980.0,28.05,-0.07666666666666666,3.3170287049837803,0.0,1.0
101040.0,28.066666666666666,-0.07666666666666666,3.3170403488146576,0.0,1.0
101100.0,28.083333333333332,-0.07666666666666666,3.317051940121768,0.0,1.0
101160.0,28.1,-0.07666666666666666,3.3170634805684602,0.0,1.0
101220.0,28.116666666666667,-0.07666666666666666,3.317074971782653,0.0,1.0
101280.0,28.133333333333333,-0.07666666666666666,3.317086415358156,0.0,1.0
101340.0,28.15,-0.07666666666666666,3.3170978128559976,0.0,1.0
101400.0,28.166666666666668,-0.07666666666666666,3.3171091658057295,0.0,1.0
101460.0,28.183333333333334,-0.07666666666666666,3.3171204757067363,0.0,1.0
101520.0,28.2,-0.07666666666666666,3.317131744029537,0.0,1.0
101580.0,28.216666666666665,-0.07666666666666666,3.3171429722170886,0.0,1.0
101640.0,28.233333333333334,-0.07666666666666666,3.3171541616860876,0.0,1.0
101700.0,28.25,-0.07666666666666666,3.317165313828275,0.0,1.0
101760.0,28.266666666666666,-0.07666666666666666,3.3171764300117443,0.0,1.0
101820.0,28.283333333333335,-0.07666666666666666,3.3171875115822584,0.0,1.0
101880.0,28.3,-0.07666666666666666,3.31719855986457,0.0,1.0
101940.0,28.316666666666666,-0.07666666666666666,3.3172095761637608,0.0,1.0
102000.0,28.333333333333332,-0.07666666666666666,3.317220561766584,0.0,1.0
102060.0,28.35,-0.07666666666666666,3.31723151794283,0.0,1.0
102120.0,28.366666666666667,-0.07666666666666666,3.317242445946709,0.0,1.0
102180.0,28.383333333333333,-0.07666666666666666,3.317253347018247,0.0,1.0
102240.0,28.4,-0.07666666666666666,3.3172642223847175,0.0,1.0
102300.0,28.416666666666668,-0.07666666666666666,3.3172750732620884,0.0,1.0
102360.0,28.433333333333334,-0.07666666666666666,3.3172859008565063,0.0,1.0
102420.0,28.45,-0.07666666666666666,3.3172967063658074,0.0,1.0
102480.0,28.466666666666665,-0.07666666666666666,3.3173074909810683,0.0,1.0
102540.0,28.483333333333334,-0.07666666666666666,3.3173182558881966,0.0,1.0
102600.0,28.5,-0.07666666666666666,3.3173290022695605,0.0,1.0
102660.0,28.516666666666666,-0.07666666666666666,3.3173397313056716,0.0,1.0
102720.0,28.533333333333335,-0.07666666666666666,3.3173504441769106,0.0,1.0
102780.0,28.55,-0.07666666666666666,3.317361142065319,0.0,1.0
102840.0,28.566666666666666,-0.07666666666666666,3.317371826156443,0.0,1.0
102900.0,28.583333333333332,-0.07666666666666666,3.3173824976412436,0.0,1.0
102960.0,28.6,-0.07666666666666666,3.31739315771808,0.0,1.0
103020.0,28.616666666666667,-0.07666666666666666,3.317403807594763,0.0,1.0
103080.0,28.633333333333333,-0.07666666666666666,3.317414448490695,0.0,1.0
103140.0,28.65,-0.07666666666666666,3.3174250816390902,0.0,1.0
103200.0,28.666666666666668,-0.07666666666666666,3.317435708289294,0.0,1.0
103260.0,28.683333333333334,-0.07666666666666666,3.317446329709199,0.0,1.0
103320.0,28.7,-0.07666666666666666,3.317456947187764,0.0,1.0
103380.0,28.716666666666665,-0.07666666666666666,3.317467562037657,0.0,1.0
103440.0,28.733333333333334,-0.07666666666666666,3.317478175598005,0.0,1.0
103500.0,28.75,-0.07666666666666666,3.31748878923729,0.0,1.0
103560.0,28.766666666666666,-0.07666666666666666,3.317499404356371,0.0,1.0
103620.0,28.783333333333335,-0.07666666666666666,3.3175100223916565,0.0,1.0
103680.0,28.8,-0.07666666666666666,3.3175206448184404,0.0,1.0
103740.0,28.816666666666666,-0.07666666666666666,3.3175312731543976,0.0,1.0
103800.0,28.833333333333332,-0.07666666666666666,3.3175419089632614,0.0,1.0
103860.0,28.85,-0.07666666666666666,3.3175525538586954,0.0,1.0
103920.0,28.866666666666667,-0.07666666666666666,3.3175632095083554,0.0,1.0
103980.0,28.883333333333333,-0.07666666666666666,3.3175738776381825,0.0,1.0
104040.0,28.9,-0.07666666666666666,3.317584560036908,0.0,1.0
104100.0,28.916666666666668,-0.07666666666666666,3.317595258560819,0.0,1.0
104160.0,28.933333333333334,-0.07666666666666666,3.317605975138764,0.0,1.0
104220.0,28.95,-0.07666666666666666,3.317616711777447,0.0,1.0
104280.0,28.966666666666665,-0.07666666666666666,3.3176274705670084,0.0,1.0
104340.0,28.983333333333334,-0.07666666666666666,3.3176382536869116,0.0,1.0
104400.0,29.0,-0.07666666666666666,3.3176490634121674,0.0,1.0
104460.0,29.016666666666666,-0.07666666666666666,3.317659902119897,0.0,1.0
104520.0,29.033333333333335,-0.07666666666666666,3.317670772296277,0.0,1.0
104580.0,29.05,-0.07666666666666666,3.317681676543866,0.0,1.0
104640.0,29.066666666666666,-0.07666666666666666,3.317692617589359,0.0,1.0
104700.0,29.083333333333332,-0.07666666666666666,3.3177035982917813,0.0,1.0
104760.0,29.1,-0.07666666666666666,3.3177146216511506,0.0,1.0
104820.0,29.116666666666667,-0.07666666666666666,3.3177256908176425,0.0,1.0
104880.0,29.133333333333333,-0.07666666666666666,3.3177368091012798,0.0,1.0
104940.0,29.15,-0.07666666666666666,3.3177479799821903,0.0,1.0
105000.0,29.166666666666668,-0.07666666666666666,3.317759207121456,0.0,1.0
105060.0,29.183333333333334,-0.07666666666666666,3.3177704943725983,0.0,1.0
105120.0,29.2,-0.07666666666666666,3.3177818457937236,0.0,1.0
105180.0,29.216666666666665,-0.07666666666666666,3.317793265660398,0.0,1.0
105240.0,29.233333333333334,-0.07666666666666666,3.317804758479258,0.0,1.0
105300.0,29.25,-0.07666666666666666,3.31781632900243,0.0,1.0
105360.0,29.266666666666666,-0.07666666666666666,3.3178279822427994,0.0,1.0
105420.0,29.283333333333335,-0.07666666666666666,3.3178397234901746,0.0,1.0
105480.0,29.3,-0.07666666666666666,3.317851558328406,0.0,1.0
105540.0,29.316666666666666,-0.07666666666666666,3.3178634926535175,0.0,1.0
105600.0,29.333333333333332,-0.07666666666666666,3.3178755326929106,0.0,1.0
105660.0,29.35,-0.07666666666666666,3.3178876850256995,0.0,1.0
105720.0,29.366666666666667,-0.07666666666666666,3.317899956604263,0.0,1.0
105780.0,29.383333333333333,-0.07666666666666666,3.317912354777063,0.0,1.0
105840.0,29.4,-0.07666666666666666,3.317924887312826,0.0,1.0
105900.0,29.416666666666668,-0.07666666666666666,3.317937562426153,0.0,1.0
105960.0,29.433333333333334,-0.07666666666666666,3.31795038880466,0.0,1.0
106020.0,29.45,-0.07666666666666666,3.3179633756377327,0.0,1.0
106080.0,29.466666666666665,-0.07666666666666666,3.317976532646983,0.0,1.0
106140.0,29.483333333333334,-0.07666666666666666,3.3179898701185335,0.0,1.0
106200.0,29.5,-0.07666666666666666,3.318003398937216,0.0,1.0
106260.0,29.516666666666666,-0.07666666666666666,3.3180171306228123,0.0,1.0
106320.0,29.533333333333335,-0.07666666666666666,3.318031077368456,0.0,1.0
106380.0,29.55,-0.07666666666666666,3.3180452520813253,0.0,1.0
106440.0,29.566666666666666,-0.07666666666666666,3.3180596684257715,0.0,1.0
106500.0,29.583333333333332,-0.07666666666666666,3.318074340869007,0.0,1.0
106560.0,29.6,-0.07666666666666666,3.3180892847295382,0.0,1.0
106620.0,29.616666666666667,-0.07666666666666666,3.3181045162284875,0.0,1.0
106680.0,29.633333333333333,-0.07666666666666666,3.318120052543973,0.0,1.0
106740.0,29.65,-0.07666666666666666,3.318135911868757,0.0,1.0
106800.0,29.666666666666668,-0.07666666666666666,3.3181521134713217,0.0,1.0
106860.0,29.683333333333334,-0.07666666666666666,3.318168677760612,0.0,1.0
106920.0,29.7,-0.07666666666666666,3.3181856263546465,0.0,1.0
106980.0,29.716666666666665,-0.07666666666666666,3.318202982153225,0.0,1.0
107040.0,29.733333333333334,-0.07666666666666666,3.3182207694150025,0.0,1.0
107100.0,29.75,-0.07666666666666666,3.3182390138391598,0.0,1.0
107160.0,29.766666666666666,-0.07666666666666666,3.318257742651973,0.0,1.0
107220.0,29.783333333333335,-0.07666666666666666,3.3182769846985574,0.0,1.0
107280.0,29.8,-0.07666666666666666,3.3182967705401114,0.0,1.0
107340.0,29.816666666666666,-0.07666666666666666,3.318317132556973,0.0,1.0
107400.0,29.833333333333332,-0.07666666666666666,3.318338105057855,0.0,1.0
107460.0,29.85,-0.07666666666666666,3.3183597243956235,0.0,1.0
107520.0,29.866666666666667,-0.07666666666666666,3.3183820290899946,0.0,1.0
107580.0,29.883333333333333,-0.07666666666666666,3.3184050599576023,0.0,1.0
107640.0,29.9,-0.07666666666666666,3.3184288602498393,0.0,1.0
107700.0,29.916666666666668,-0.07666666666666666,3.318453475798961,0.0,1.0
107760.0,29.933333333333334,-0.07666666666666666,3.3184789551729468,0.0,1.0
107820.0,29.95,-0.07666666666666666,3.3185053498396266,0.0,1.0
107880.0,29.966666666666665,-0.07666666666666666,3.318532714340653,0.0,1.0
107940.0,29.983333333333334,-0.07666666666666666,3.3185611064758924,0.0,1.0
108000.0,30.0,-0.07666666666666666,3.3185905874988575,0.0,1.0
108060.0,30.016666666666666,-0.07666666666666666,3.3186212223238654,0.0,1.0
108120.0,30.033333333333335,-0.07666666666666666,3.31865307974559,0.0,1.0
108180.0,30.05,-0.07666666666666666,3.31868623267179,0.0,1.0
108240.0,30.066666666666666,-0.07666666666666666,3.318720758369967,0.0,1.0
108300.0,30.083333333333332,-0.07666666666666666,3.318756738728816,0.0,1.0
108360.0,30.1,-0.07666666666666666,3.3187942605353404,0.0,1.0
108420.0,30.116666666666667,-0.07666666666666666,3.318833415768578,0.0,1.0
108480.0,30.133333333333333,-0.07666666666666666,3.318874301910924,0.0,1.0
108540.0,30.15,-0.07666666666666666,3.318917022278121,0.0,1.0
108600.0,30.166666666666668,-0.07666666666666666,3.3189616863690232,0.0,1.0
108660.0,30.183333333333334,-0.07666666666666666,3.319008410236324,0.0,1.0
108720.0,30.2,-0.07666666666666666,3.319057316879506,0.0,1.0
108780.0,30.216666666666665,-0.07666666666666666,3.319108536661345,0.0,1.0
108840.0,30.233333333333334,-0.07666666666666666,3.3191622077493705,0.0,1.0
108900.0,30.25,-0.07666666666666666,3.319218476583808,0.0,1.0
108960.0,30.266666666666666,-0.07666666666666666,3.319277498373547,0.0,1.0
109020.0,30.283333333333335,-0.07666666666666666,3.31933943762185,0.0,1.0
109080.0,30.3,-0.07666666666666666,3.3194044686835804,0.0,1.0
109140.0,30.316666666666666,-0.07666666666666666,3.319472776355821,0.0,1.0
109200.0,30.333333333333332,-0.07666666666666666,3.3195445565039066,0.0,1.0
109260.0,30.35,-0.07666666666666666,3.31962001672498,0.0,1.0
109320.0,30.366666666666667,-0.07666666666666666,3.3196993770513235,0.0,1.0
109380.0,30.383333333333333,-0.07666666666666666,3.3197828706958616,0.0,1.0
109440.0,30.4,-0.07666666666666666,3.319870744842346,0.0,1.0
109500.0,30.416666666666668,-0.07666666666666666,3.3199632614829184,0.0,1.0
109560.0,30.433333333333334,-0.07666666666666666,3.320060698305878,0.0,1.0
109620.0,30.45,-0.07666666666666666,3.3201633496366703,0.0,1.0
109680.0,30.466666666666665,-0.07666666666666666,3.3202715274352976,0.0,1.0
109740.0,30.483333333333334,-0.07666666666666666,3.3203855623535117,0.0,1.0
109800.0,30.5,-0.07666666666666666,3.3205058048553973,0.0,1.0
109860.0,30.516666666666666,-0.07666666666666666,3.320632626405124,0.0,1.0
109920.0,30.533333333333335,-0.07666666666666666,3.320766420725923,0.0,1.0
109980.0,30.55,-0.07666666666666666,3.320907605134528,0.0,1.0
110040.0,30.566666666666666,-0.07666666666666666,3.3210566219556226,0.0,1.0
110100.0,30.583333333333332,-0.07666666666666666,3.321213940021102,0.0,1.0
110160.0,30.6,-0.07666666666666666,3.3213800562591964,0.0,1.0
110220.0,30.616666666666667,-0.07666666666666666,3.3215554973788977,0.0,1.0
110280.0,30.633333333333333,-0.07666666666666666,3.321740821655353,0.0,1.0
110340.0,30.65,-0.07666666666666666,3.3219366208223127,0.0,1.0
110400.0,30.666666666666668,-0.07666666666666666,3.32214352207805,0.0,1.0
110460.0,30.683333333333334,-0.07666666666666666,3.3223621902115292,0.0,1.0
110520.0,30.7,-0.07666666666666666,3.322593329856065,0.0,1.0
110580.0,30.716666666666665,-0.07666666666666666,3.3228376878781143,0.0,1.0
110640.0,30.733333333333334,-0.07666666666666666,3.3230960559092733,0.0,1.0
110700.0,30.75,-0.07666666666666666,3.3233692730301136,0.0,1.0
110760.0,30.766666666666666,-0.07666666666666666,3.3236582286149243,0.0,1.0
110820.0,30.783333333333335,-0.07666666666666666,3.3239638653470327,0.0,1.0
110880.0,30.8,-0.07666666666666666,3.3242871824149245,0.0,1.0
110940.0,30.816666666666666,-0.07666666666666666,3.3246292389000103,0.0,1.0
111000.0,30.833333333333332,-0.07666666666666666,3.324991157367529,0.0,1.0
111060.0,30.85,-0.07666666666666666,3.3253741276727737,0.0,1.0
111120.0,30.866666666666667,-0.07666666666666666,3.3257794109955574,0.0,1.0
111180.0,30.883333333333333,-0.07666666666666666,3.3262083441166,0.0,1.0
111240.0,30.9,-0.07666666666666666,3.326662343950361,0.0,1.0
111300.0,30.916666666666668,-0.07666666666666666,3.327142912349687,0.0,1.0
111360.0,30.933333333333334,-0.07666666666666666,3.3276516411985915,0.0,1.0
111420.0,30.95,-0.07666666666666666,3.3281902178104357,0.0,1.0
111480.0,30.966666666666665,-0.07666666666666666,3.3287604306498544,0.0,1.0
111540.0,30.983333333333334,-0.07666666666666666,3.3293641753978314,0.0,1.0
111600.0,31.0,-0.07666666666666666,3.330003461380521,0.0,1.0
111660.0,31.016666666666666,-0.07666666666666666,3.3306804183836376,0.0,1.0
111720.0,31.033333333333335,-0.07666666666666666,3.331397303875559,0.0,1.0
111780.0,31.05,-0.07666666666666666,3.332156510663656,0.0,1.0
111840.0,31.066666666666666,-0.07666666666666666,3.3329605750098636,0.0,1.0
111900.0,31.083333333333332,-0.07666666666666666,3.333812185233047,0.0,1.0
111960.0,31.1,-0.07666666666666666,3.3347141908273876,0.0,1.0
112020.0,31.116666666666667,-0.07666666666666666,3.3356696121277767,0.0,1.0
112080.0,31.133333333333333,-0.07666666666666666,3.336681650555034,0.0,1.0
112140.0,31.15,-0.07666666666666666,3.3377536994758077,0.0,1.0
112200.0,31.166666666666668,-0.07666666666666666,3.338889355714033,0.0,1.0
112260.0,31.183333333333334,-0.07666666666666666,3.340092431753124,0.0,1.0
112320.0,31.2,-0.07666666666666666,3.341366968670367,0.0,1.0
112380.0,31.216666666666665,-0.07666666666666666,3.342717249847543,0.0,1.0
112440.0,31.233333333333334,-0.07666666666666666,3.3441478155044253,0.0,1.0
112500.0,31.25,-0.07666666666666666,3.3456634781046213,0.0,1.0
112560.0,31.266666666666666,-0.07666666666666666,3.347269338686245,0.0,1.0
112620.0,31.283333333333335,-0.07666666666666666,3.348970804173049,0.0,1.0
112680.0,31.3,-0.07666666666666666,3.3507736057250357,0.0,1.0
112740.0,31.316666666666666,-0.07666666666666666,3.3526838181911516,0.0,1.0
112800.0,31.333333333333332,-0.07666666666666666,3.354707880730456,0.0,1.0
112860.0,31.35,-0.07666666666666666,3.356852618672231,0.0,1.0
112920.0,31.366666666666667,-0.07666666666666666,3.3591252666897713,0.0,1.0
112980.0,31.383333333333333,-0.07666666666666666,3.3615334933671766,0.0,1.0
113040.0,31.4,-0.07666666666666666,3.3640854272433773,0.0,1.0
113100.0,31.416666666666668,-0.07666666666666666,3.3667896844227503,0.0,1.0
113160.0,31.433333333333334,-0.07666666666666666,3.3696553978472914,0.0,1.0
113220.0,31.45,-0.07666666666666666,3.3726922483311754,0.0,1.0
113280.0,31.466666666666665,-0.07666666666666666,3.3759104974648877,0.0,1.0
113340.0,31.483333333333334,-0.07666666666666666,3.379321022502878,0.0,1.0
113400.0,31.5,-0.07666666666666666,3.382935353355954,0.0,1.0
113460.0,31.516666666666666,-0.07666666666666666,3.3867657118174925,0.0,1.0
113520.0,31.533333333333335,-0.07666666666666666,3.390825053160968,0.0,1.0
113580.0,31.55,-0.07666666666666666,3.395127110255499,0.0,1.0
113640.0,31.566666666666666,-0.07666666666666666,3.3996864403560987,0.0,1.0
113700.0,31.583333333333332,-0.07666666666666666,3.404518474736267,0.0,1.0
113760.0,31.6,-0.07666666666666666,3.4096395713427157,0.0,1.0
113820.0,31.616666666666667,-0.07666666666666666,3.4150670706654567,0.0,1.0
113880.0,31.633333333333333,-0.07666666666666666,3.420819355031811,0.0,1.0
113940.0,31.65,-0.07666666666666666,3.4269159115502483,0.0,1.0
114000.0,31.666666666666668,-0.07666666666666666,3.4333773989502765,0.0,1.0
114060.0,31.683333333333334,-0.07666666666666666,3.440225718588586,0.0,1.0
114120.0,31.7,-0.07666666666666666,3.447484089920717,0.0,1.0
114180.0,31.716666666666665,-0.07666666666666666,3.4551771307736177,0.0,1.0
114240.0,31.733333333333334,-0.07666666666666666,3.463330942800434,0.0,1.0
114300.0,31.75,-0.07666666666666666,3.4719732025592824,0.0,1.0
114360.0,31.766666666666666,-0.07666666666666666,3.481133258739366,0.0,1.0
114420.0,31.783333333333335,-0.07666666666666666,3.490842236171775,0.0,1.0
114480.0,31.8,-0.07666666666666666,3.5011331474262235,0.0,1.0
114540.0,31.816666666666666,-0.07666666666666666,3.512041013038708,0.0,1.0
114600.0,31.833333333333332,-0.07666666666666666,3.5236029917888176,0.0,1.0
114660.0,31.85,-0.07666666666666666,3.535858523038038,0.0,1.0
114720.0,31.866666666666667,-0.07666666666666666,3.5488494841122082,0.0,1.0
114780.0,31.883333333333333,-0.07666666666666666,3.5626203673639774,0.0,1.0
114840.0,31.9,-0.07666666666666666,3.5772184844738755,0.0,1.0
114900.0,31.916666666666668,-0.07666666666666666,3.592694210948023,0.0,1.0
114927.11442458106,31.924198451272517,-0.07666666666666666,3.5999899905842865,0.0,1.0
114927.11442458206,31.924198451272794,0.0,3.5960953053794684,0.0,2.0
114987.11442458106,31.940865117939182,0.0,3.588646774099864,0.0,2.0
115047.11442458106,31.957531784605848,0.0,3.588437598376309,0.0,2.0
115107.11442458106,31.974198451272517,0.0,3.5884267650404524,0.0,2.0
115167.11442458106,31.990865117939183,0.0,3.58843035465971,0.0,2.0
115227.11442458106,32.00753178460585,0.0,3.5884287869837506,0.0,2.0
115287.11442458106,32.02419845127252,0.0,3.588430350790762,0.0,2.0
115347.11442458106,32.040865117939184,0.0,3.588431192866304,0.0,2.0
115407.11442458106,32.05753178460585,0.0,3.5884316125718554,0.0,2.0
115467.11442458106,32.074198451272515,0.0,3.588431227169048,0.0,2.0
115527.11442458106,32.09086511793918,0.0,3.588430765920446,0.0,2.0
115587.11442458106,32.10753178460585,0.0,3.588430634044376,0.0,2.0
115647.11442458106,32.12419845127251,0.0,3.588430611722501,0.0,2.0
115707.11442458106,32.140865117939185,0.0,3.5884306155776424,0.0,2.0
115767.11442458106,32.15753178460585,0.0,3.5884306173733167,0.0,2.0
115827.11442458106,32.17419845127252,0.0,3.5884306179666745,0.0,2.0
